-- MySQL Script generated by MySQL Workbench
-- Fri Nov 20 14:09:02 2020
-- Model: New Model    Version: 1.0
-- MySQL Workbench Forward Engineering

SET @OLD_UNIQUE_CHECKS=@@UNIQUE_CHECKS, UNIQUE_CHECKS=0;
SET @OLD_FOREIGN_KEY_CHECKS=@@FOREIGN_KEY_CHECKS, FOREIGN_KEY_CHECKS=0;
SET @OLD_SQL_MODE=@@SQL_MODE, SQL_MODE='TRADITIONAL,ALLOW_INVALID_DATES';

-- -----------------------------------------------------
-- Schema fitnessclub
-- -----------------------------------------------------

-- -----------------------------------------------------
-- Schema fitnessclub
-- -----------------------------------------------------
CREATE SCHEMA IF NOT EXISTS `fitnessclub` DEFAULT CHARACTER SET utf8 ;
USE `fitnessclub` ;

-- -----------------------------------------------------
-- Table `fitnessclub`.`user_roles`
-- -----------------------------------------------------
DROP TABLE IF EXISTS `fitnessclub`.`user_roles` ;

CREATE TABLE IF NOT EXISTS `fitnessclub`.`user_roles` (
  `id_role` TINYINT NOT NULL AUTO_INCREMENT,
  `name` VARCHAR(13) NOT NULL,
  PRIMARY KEY (`id_role`))
ENGINE = InnoDB;


-- -----------------------------------------------------
-- Table `fitnessclub`.`statuses`
-- -----------------------------------------------------
DROP TABLE IF EXISTS `fitnessclub`.`statuses` ;

CREATE TABLE IF NOT EXISTS `fitnessclub`.`statuses` (
  `id_status` INT NOT NULL AUTO_INCREMENT,
  `name` VARCHAR(45) NOT NULL,
  PRIMARY KEY (`id_status`),
  UNIQUE INDEX `name_UNIQUE` (`name` ASC))
ENGINE = InnoDB;


-- -----------------------------------------------------
-- Table `fitnessclub`.`users`
-- -----------------------------------------------------
DROP TABLE IF EXISTS `fitnessclub`.`users` ;

CREATE TABLE IF NOT EXISTS `fitnessclub`.`users` (
  `id_user` INT NOT NULL AUTO_INCREMENT,
  `login` VARCHAR(20) NOT NULL,
  `password` VARCHAR(60) NOT NULL,
  `id_role` TINYINT NOT NULL,
  `id_status` INT NOT NULL,
  `name` VARCHAR(45) NOT NULL,
  `surname` VARCHAR(45) NOT NULL,
  `phone_number` VARCHAR(13) NOT NULL,
  `email` VARCHAR(45) NOT NULL,
  `birthday` BIGINT NOT NULL,
  `photo` BLOB NULL,
  PRIMARY KEY (`id_user`),
  INDEX `id_role_idx` (`id_role` ASC),
  INDEX `fk_users_statuses1_idx` (`id_status` ASC),
  UNIQUE INDEX `login` (`login` ASC),
  CONSTRAINT `fk_users_id_role`
    FOREIGN KEY (`id_role`)
    REFERENCES `fitnessclub`.`user_roles` (`id_role`)
    ON DELETE NO ACTION
    ON UPDATE NO ACTION,
  CONSTRAINT `fk_users_id_status`
    FOREIGN KEY (`id_status`)
    REFERENCES `fitnessclub`.`statuses` (`id_status`)
    ON DELETE NO ACTION
    ON UPDATE NO ACTION)
ENGINE = InnoDB;


-- -----------------------------------------------------
-- Table `fitnessclub`.`staffs`
-- -----------------------------------------------------
DROP TABLE IF EXISTS `fitnessclub`.`staffs` ;

CREATE TABLE IF NOT EXISTS `fitnessclub`.`staffs` (
  `id_staff` INT NOT NULL AUTO_INCREMENT,
  `work_experience` INT NULL,
  `start_working_date` BIGINT NOT NULL,
  `end_working_date` BIGINT NULL,
  `description` VARCHAR(2000) NULL,
  `id_user` INT NOT NULL,
  PRIMARY KEY (`id_staff`),
  INDEX `fk_instructors_users1_idx` (`id_user` ASC),
  UNIQUE INDEX `id_user_UNIQUE` (`id_user` ASC),
  CONSTRAINT `fk_staffs_id_user`
    FOREIGN KEY (`id_user`)
    REFERENCES `fitnessclub`.`users` (`id_user`)
    ON DELETE NO ACTION
    ON UPDATE NO ACTION)
ENGINE = InnoDB;


-- -----------------------------------------------------
-- Table `fitnessclub`.`type_classes`
-- -----------------------------------------------------
DROP TABLE IF EXISTS `fitnessclub`.`type_classes` ;

CREATE TABLE IF NOT EXISTS `fitnessclub`.`type_classes` (
  `id_type_class` INT NOT NULL AUTO_INCREMENT,
  `type_by_number_people` VARCHAR(20) NOT NULL,
  `period_time` VARCHAR(10) NULL,
  PRIMARY KEY (`id_type_class`))
ENGINE = InnoDB;


-- -----------------------------------------------------
-- Table `fitnessclub`.`memberships`
-- -----------------------------------------------------
DROP TABLE IF EXISTS `fitnessclub`.`memberships` ;

CREATE TABLE IF NOT EXISTS `fitnessclub`.`memberships` (
  `id_membership` INT NOT NULL AUTO_INCREMENT,
  `duration` INT NOT NULL,
  `classes_amount` INT NOT NULL,
  `price` DECIMAL NOT NULL,
  `start_sale` BIGINT NOT NULL,
  `end_sale` BIGINT NULL,
  `id_type_class` INT NOT NULL,
  PRIMARY KEY (`id_membership`),
  INDEX `fk_memberships_type_classes1_idx` (`id_type_class` ASC),
  CONSTRAINT `fk_memberships_id_type_class`
    FOREIGN KEY (`id_type_class`)
    REFERENCES `fitnessclub`.`type_classes` (`id_type_class`)
    ON DELETE NO ACTION
    ON UPDATE NO ACTION)
ENGINE = InnoDB;


-- -----------------------------------------------------
-- Table `fitnessclub`.`client_memberships`
-- -----------------------------------------------------
DROP TABLE IF EXISTS `fitnessclub`.`client_memberships` ;

CREATE TABLE IF NOT EXISTS `fitnessclub`.`client_memberships` (
  `id_client_membership` INT NOT NULL AUTO_INCREMENT,
  `open_date` BIGINT NOT NULL,
  `remaining_classes` VARCHAR(5) NOT NULL,
  `id_user` INT NOT NULL,
  `id_membership` INT NOT NULL,
  PRIMARY KEY (`id_client_membership`),
  INDEX `fk_Subscription_SubscriptionType1_idx` (`id_membership` ASC),
  INDEX `fk_id_client_idx` (`id_user` ASC),
  CONSTRAINT `fk_client_memberships_id_client`
    FOREIGN KEY (`id_user`)
    REFERENCES `fitnessclub`.`users` (`id_user`)
    ON DELETE NO ACTION
    ON UPDATE NO ACTION,
  CONSTRAINT `fk_client_memberships_id_membership`
    FOREIGN KEY (`id_membership`)
    REFERENCES `fitnessclub`.`memberships` (`id_membership`)
    ON DELETE NO ACTION
    ON UPDATE NO ACTION)
ENGINE = InnoDB;


-- -----------------------------------------------------
-- Table `fitnessclub`.`workout_levels`
-- -----------------------------------------------------
DROP TABLE IF EXISTS `fitnessclub`.`workout_levels` ;

CREATE TABLE IF NOT EXISTS `fitnessclub`.`workout_levels` (
  `id_workout_level` INT NOT NULL AUTO_INCREMENT,
  `level_name` VARCHAR(45) NOT NULL,
  PRIMARY KEY (`id_workout_level`),
  UNIQUE INDEX `level_name_UNIQUE` (`level_name` ASC))
ENGINE = InnoDB;


-- -----------------------------------------------------
-- Table `fitnessclub`.`workouts`
-- -----------------------------------------------------
DROP TABLE IF EXISTS `fitnessclub`.`workouts` ;

CREATE TABLE IF NOT EXISTS `fitnessclub`.`workouts` (
  `id_workout` INT NOT NULL AUTO_INCREMENT,
  `name_workout` VARCHAR(45) NOT NULL,
  `id_workout_level` INT NOT NULL,
  `description` VARCHAR(3000) NOT NULL,
  PRIMARY KEY (`id_workout`),
  INDEX `fk_workouts_workout_levels1_idx` (`id_workout_level` ASC),
  UNIQUE INDEX `name_workout_UNIQUE` (`name_workout` ASC),
  CONSTRAINT `fk_workouts_workout_levels1`
    FOREIGN KEY (`id_workout_level`)
    REFERENCES `fitnessclub`.`workout_levels` (`id_workout_level`)
    ON DELETE NO ACTION
    ON UPDATE NO ACTION)
ENGINE = InnoDB;


-- -----------------------------------------------------
-- Table `fitnessclub`.`halls`
-- -----------------------------------------------------
DROP TABLE IF EXISTS `fitnessclub`.`halls` ;

CREATE TABLE IF NOT EXISTS `fitnessclub`.`halls` (
  `id_hall` INT NOT NULL AUTO_INCREMENT,
  `name_hall` VARCHAR(45) NOT NULL,
  `square` DOUBLE NOT NULL,
  `dumbell_amount` INT NOT NULL,
  `step_amount` INT NOT NULL,
  `mat_amount` INT NOT NULL,
  `barbell_amount` INT NOT NULL,
  `fitball_amount` INT NOT NULL,
  `bodybar_amount` INT NOT NULL,
  PRIMARY KEY (`id_hall`))
ENGINE = InnoDB;


-- -----------------------------------------------------
-- Table `fitnessclub`.`schedules`
-- -----------------------------------------------------
DROP TABLE IF EXISTS `fitnessclub`.`schedules` ;

CREATE TABLE IF NOT EXISTS `fitnessclub`.`schedules` (
  `id_schedule` INT NOT NULL AUTO_INCREMENT,
  `start_date` BIGINT NOT NULL,
  `start_time` BIGINT NOT NULL,
  `duration` INT NOT NULL,
  `capacity` INT NOT NULL,
  `id_workout` INT NOT NULL,
  `id_hall` INT NOT NULL,
  `id_instructor` INT NOT NULL,
  PRIMARY KEY (`id_schedule`),
  INDEX `fk_Schedule_Workout1_idx` (`id_workout` ASC),
  INDEX `fk_Schedule_Hall1_idx` (`id_hall` ASC),
  INDEX `fk_schedules_users1_idx` (`id_instructor` ASC),
  CONSTRAINT `fk_id_workout`
    FOREIGN KEY (`id_workout`)
    REFERENCES `fitnessclub`.`workouts` (`id_workout`)
    ON DELETE NO ACTION
    ON UPDATE NO ACTION,
  CONSTRAINT `fk_id_hall`
    FOREIGN KEY (`id_hall`)
    REFERENCES `fitnessclub`.`halls` (`id_hall`)
    ON DELETE NO ACTION
    ON UPDATE NO ACTION,
  CONSTRAINT `fk_id_instructor`
    FOREIGN KEY (`id_instructor`)
    REFERENCES `fitnessclub`.`users` (`id_user`)
    ON DELETE NO ACTION
    ON UPDATE NO ACTION)
ENGINE = InnoDB;


-- -----------------------------------------------------
-- Table `fitnessclub`.`instructor_conduct_workouts`
-- -----------------------------------------------------
DROP TABLE IF EXISTS `fitnessclub`.`instructor_conduct_workouts` ;

CREATE TABLE IF NOT EXISTS `fitnessclub`.`instructor_conduct_workouts` (
  `id_instructor` INT NOT NULL,
  `id_workout` INT NOT NULL,
  PRIMARY KEY (`id_instructor`, `id_workout`),
  INDEX `fk_users_has_workouts_workouts1_idx` (`id_workout` ASC),
  INDEX `fk_users_has_workouts_users1_idx` (`id_instructor` ASC),
  CONSTRAINT `fk_instructor_conduct_workouts_id_instructor`
    FOREIGN KEY (`id_instructor`)
    REFERENCES `fitnessclub`.`users` (`id_user`)
    ON DELETE NO ACTION
    ON UPDATE NO ACTION,
  CONSTRAINT `fk_instructor_conduct_workouts_id_workout`
    FOREIGN KEY (`id_workout`)
    REFERENCES `fitnessclub`.`workouts` (`id_workout`)
    ON DELETE NO ACTION
    ON UPDATE NO ACTION)
ENGINE = InnoDB;


-- -----------------------------------------------------
-- Table `fitnessclub`.`client_schedules`
-- -----------------------------------------------------
DROP TABLE IF EXISTS `fitnessclub`.`client_schedules` ;

CREATE TABLE IF NOT EXISTS `fitnessclub`.`client_schedules` (
  `id_client` INT NOT NULL,
  `id_schedule` INT NOT NULL,
  `id_client_membership` INT NULL,
  PRIMARY KEY (`id_client`, `id_schedule`),
  INDEX `fk_schedules_has_users_users1_idx` (`id_client` ASC),
  INDEX `fk_schedules_has_users_schedules1_idx` (`id_schedule` ASC),
  INDEX `fk_client_schedules_client_memberships1_idx` (`id_client_membership` ASC),
  CONSTRAINT `fk_schedules_has_clients_schedule`
    FOREIGN KEY (`id_schedule`)
    REFERENCES `fitnessclub`.`schedules` (`id_schedule`)
    ON DELETE NO ACTION
    ON UPDATE NO ACTION,
  CONSTRAINT `fk_schedules_has_clients`
    FOREIGN KEY (`id_client`)
    REFERENCES `fitnessclub`.`users` (`id_user`)
    ON DELETE NO ACTION
    ON UPDATE NO ACTION,
  CONSTRAINT `fk_client_schedules_client_memberships1`
    FOREIGN KEY (`id_client_membership`)
    REFERENCES `fitnessclub`.`client_memberships` (`id_client_membership`)
    ON DELETE NO ACTION
    ON UPDATE NO ACTION)
ENGINE = InnoDB;


SET SQL_MODE=@OLD_SQL_MODE;
SET FOREIGN_KEY_CHECKS=@OLD_FOREIGN_KEY_CHECKS;
SET UNIQUE_CHECKS=@OLD_UNIQUE_CHECKS;

-- -----------------------------------------------------
-- Data for table `fitnessclub`.`user_roles`
-- -----------------------------------------------------
START TRANSACTION;
USE `fitnessclub`;
INSERT INTO `fitnessclub`.`user_roles` (`id_role`, `name`) VALUES (1, 'администратор');
INSERT INTO `fitnessclub`.`user_roles` (`id_role`, `name`) VALUES (2, 'инструктор');
INSERT INTO `fitnessclub`.`user_roles` (`id_role`, `name`) VALUES (3, 'клиент');

COMMIT;


-- -----------------------------------------------------
-- Data for table `fitnessclub`.`statuses`
-- -----------------------------------------------------
START TRANSACTION;
USE `fitnessclub`;
INSERT INTO `fitnessclub`.`statuses` (`id_status`, `name`) VALUES (1, 'Active');
INSERT INTO `fitnessclub`.`statuses` (`id_status`, `name`) VALUES (2, 'Unconfirmed');
INSERT INTO `fitnessclub`.`statuses` (`id_status`, `name`) VALUES (3, 'Blocked');

COMMIT;


-- -----------------------------------------------------
-- Data for table `fitnessclub`.`users`
-- -----------------------------------------------------
START TRANSACTION;
USE `fitnessclub`;
INSERT INTO `fitnessclub`.`users` (`id_user`, `login`, `password`, `id_role`, `id_status`, `name`, `surname`, `phone_number`, `email`, `birthday`, `photo`) VALUES (1, 'kiseleva_n', '$2a$10$7yFbojDmWat5lA68lyT.JOfnpUm.1DLccK3hgtXDj.oD8JwzOaK3.', 1, 1, 'Наталья', 'Киселева', '+375333621317', 'kiseleva_n@gmail.com', 34928, NULL);
INSERT INTO `fitnessclub`.`users` (`id_user`, `login`, `password`, `id_role`, `id_status`, `name`, `surname`, `phone_number`, `email`, `birthday`, `photo`) VALUES (2, 'sokolovskaya_g', '$2a$10$Rslxfzl9UmY45bsHcTUnNOAe7XDN7B6Ms2eXd/MbHdri/QTJN5e72', 2, 1, 'Галина', 'Соколовская', '+375296836764', 'sokolovskaya_g@gmail.com', 33967, NULL);
INSERT INTO `fitnessclub`.`users` (`id_user`, `login`, `password`, `id_role`, `id_status`, `name`, `surname`, `phone_number`, `email`, `birthday`, `photo`) VALUES (3, 'tomilova_s', '$2a$10$J9SjJahwMDzXhSpYLzXcBuu7DVr6enD96hnb/WPrg6bizmhKCgZ6u', 2, 1, 'Светлана', 'Томилова', '+375298232540', 'tomilova_s@gmail.com', 33334, NULL);
INSERT INTO `fitnessclub`.`users` (`id_user`, `login`, `password`, `id_role`, `id_status`, `name`, `surname`, `phone_number`, `email`, `birthday`, `photo`) VALUES (4, 'malyshko_k', '$2a$10$2cpQF7Q.U5aovP5QNTjN/uaQefhI6TEXgXGJarm2xL2b.OIOLhZ/K', 3, 1, 'Кристина', 'Малышко', '+375298092767', 'malyshko_k@gmail.com', 37686, NULL);
INSERT INTO `fitnessclub`.`users` (`id_user`, `login`, `password`, `id_role`, `id_status`, `name`, `surname`, `phone_number`, `email`, `birthday`, `photo`) VALUES (5, 'patcyk_e', '$2a$10$T0QzbcaIfZXBDgwryWNNMOTe2IaXlQIM03LWg31c4gm8VZJMDSQCW', 3, 1, 'Елена', 'Пацук', '+375444157333', 'patcyk_e@mail.ru', 37223, NULL);
INSERT INTO `fitnessclub`.`users` (`id_user`, `login`, `password`, `id_role`, `id_status`, `name`, `surname`, `phone_number`, `email`, `birthday`, `photo`) VALUES (6, 'haritonik_v', '$2a$10$IkA0SMnyY6ydfeZMWarS6eYtyvVgBphqxM39k2A9m0tXReixSQWqa', 3, 1, 'Валентина', 'Харитоник', '+375297926893', 'haritonik_v@gmail.com', 33156, NULL);
INSERT INTO `fitnessclub`.`users` (`id_user`, `login`, `password`, `id_role`, `id_status`, `name`, `surname`, `phone_number`, `email`, `birthday`, `photo`) VALUES (7, 'ohrimuk_v', '$2a$10$Ls8xxrYDvRYpOye2sUlQ0.lxA.lwOVXqJtba/.ekdX5t58EHGd72O', 3, 1, 'Вера', 'Охримюк', '+375442681983', 'ohrimuk_v@yandex.ru', 36070, NULL);
INSERT INTO `fitnessclub`.`users` (`id_user`, `login`, `password`, `id_role`, `id_status`, `name`, `surname`, `phone_number`, `email`, `birthday`, `photo`) VALUES (8, 'zhuk_g', '$2a$10$o.UrEFPGFIfxwBWwHKBtX.heWLNPruwGSrq9hfFykERHzkfqoJwSi', 3, 1, 'Галина', 'Жук', '+375296292446', 'zhuk_g@gmail.com', 37770, NULL);
INSERT INTO `fitnessclub`.`users` (`id_user`, `login`, `password`, `id_role`, `id_status`, `name`, `surname`, `phone_number`, `email`, `birthday`, `photo`) VALUES (9, 'torch_o', '$2a$10$VegwfOUkXAE7SA5N/IeS3u.wiB0nTAAHiE4Y7jFXg0WbTWFrn10LW', 3, 1, 'Ольга', 'Торч', '+375333375963', 'torch_o@gmail.com', 33559, NULL);
INSERT INTO `fitnessclub`.`users` (`id_user`, `login`, `password`, `id_role`, `id_status`, `name`, `surname`, `phone_number`, `email`, `birthday`, `photo`) VALUES (10, 'khudyk_t', '$2a$10$yIEsKMRGt4o/f2b3nt0eeecDtPAN/JgDrhAXsz1yC8EVeYhtf5Ihq', 3, 1, 'Татьяна', 'Худык', '+375333478837', 'khudyk_t@gmail.com', 35482, NULL);
INSERT INTO `fitnessclub`.`users` (`id_user`, `login`, `password`, `id_role`, `id_status`, `name`, `surname`, `phone_number`, `email`, `birthday`, `photo`) VALUES (11, 'velichko_j', '$2a$10$18p4uf7Hn76Afhxg6s.U3OJiQtKMva97yiXDyotUDzmeHSB3k2kqe', 1, 1, 'Жанна', 'Величко', '+375296334322', 'velichko_j@gmail.com', 32941, NULL);
INSERT INTO `fitnessclub`.`users` (`id_user`, `login`, `password`, `id_role`, `id_status`, `name`, `surname`, `phone_number`, `email`, `birthday`, `photo`) VALUES (12, 'shevchik_g', '$2a$10$UTvgZhQ55RZfUPmRXCpkhehZjz2d.wNwvjf9QAvOCTMbRzS1ROkGu', 3, 1, 'Галина', 'Шевчик', '+375298275392', 'shevchik_g@gmail.com', 31000, NULL);
INSERT INTO `fitnessclub`.`users` (`id_user`, `login`, `password`, `id_role`, `id_status`, `name`, `surname`, `phone_number`, `email`, `birthday`, `photo`) VALUES (13, 'maskevich_g', '$2a$10$qNGyr38750DlsxociRfpZ.K.ywCiTJ83BWGLk/6Ao8dgfotfYDk4.', 3, 1, 'Галина', 'Маскевич', '+375297158123', 'maskevich_g@yandex.ru', 32097, NULL);
INSERT INTO `fitnessclub`.`users` (`id_user`, `login`, `password`, `id_role`, `id_status`, `name`, `surname`, `phone_number`, `email`, `birthday`, `photo`) VALUES (14, 'vilkevich_o', '$2a$10$aaNbCXKzmcxaq7uL48ysIuIdLE4MCkXkQlq5bx0KlUSrtRWfubPwO', 3, 1, 'Оксана', 'Вилькевич', '+375297024810', 'vilkevich_o@gmail.com', 33203, NULL);
INSERT INTO `fitnessclub`.`users` (`id_user`, `login`, `password`, `id_role`, `id_status`, `name`, `surname`, `phone_number`, `email`, `birthday`, `photo`) VALUES (15, 'khval_s', '$2a$10$08M6fy7b7MFTUBRJXHn6Gen/GAPoEY8zE1rXDnBhuWFSHGEtaa.pq', 3, 1, 'Софья', 'Хваль', '+375297357603', 'khval_s@mail.ru', 37012, NULL);
INSERT INTO `fitnessclub`.`users` (`id_user`, `login`, `password`, `id_role`, `id_status`, `name`, `surname`, `phone_number`, `email`, `birthday`, `photo`) VALUES (16, 'khurs_t', '$2a$10$CzZ/LgmFWI1MUREiagmMgu1.1W2XC06X72fxSkoGQ/YPJkf08q1rS', 3, 1, 'Татьяна', 'Хурс', '+375296554970', 'khurs_t@gmail.com', 33765, NULL);
INSERT INTO `fitnessclub`.`users` (`id_user`, `login`, `password`, `id_role`, `id_status`, `name`, `surname`, `phone_number`, `email`, `birthday`, `photo`) VALUES (17, 'zakharko_l', '$2a$10$emY3AWP0w7RNIEz4Z1U7r.Acou6oiUa9TsvoGxaJKr8bdgRCg/7Jq', 3, 1, 'Людмила', 'Захарко', '+375296666477', 'zakharko_l@gmail.com', 29432, NULL);
INSERT INTO `fitnessclub`.`users` (`id_user`, `login`, `password`, `id_role`, `id_status`, `name`, `surname`, `phone_number`, `email`, `birthday`, `photo`) VALUES (18, 'kukharevich_l', '$2a$10$YywT1S/Iewp.utLD1Qyf2u696h4GfP2PVyChGvIhUiiP45De7feUG', 3, 1, 'Любовь', 'Кухаревич', '+375297080303', 'kukharevich_l@gmail.com', 30771, NULL);
INSERT INTO `fitnessclub`.`users` (`id_user`, `login`, `password`, `id_role`, `id_status`, `name`, `surname`, `phone_number`, `email`, `birthday`, `photo`) VALUES (19, 'volyak_s', '$2a$10$YnL18YUGhvvWicuadiyWqO9rWv2t8aHfopn3Ol6tJ.2MtraLkM3Qq', 3, 1, 'Софья', 'Воляк', '+375292715054', 'volyak_s@gmail.com', 29457, NULL);
INSERT INTO `fitnessclub`.`users` (`id_user`, `login`, `password`, `id_role`, `id_status`, `name`, `surname`, `phone_number`, `email`, `birthday`, `photo`) VALUES (20, 'kuchinskaya_n', '$2a$10$Cq78Geq9nsATFgwQds/pFeDKVSMz4Lz0tPDeeKu0NSymNqgxEgIc6', 2, 1, 'Надежда', 'Кучинская', '+375296209841', 'kuchinskaya_n@gmail.com', 34756, 0xFFD8FFE000104A46494600010101004800480000FFE100224578696600004D4D002A00000008000101120003000000010001000000000000FFDB0043000201010201010202020202020202030503030303030604040305070607070706070708090B0908080A0807070A0D0A0A0B0C0C0C0C07090E0F0D0C0E0B0C0C0CFFDB004301020202030303060303060C0807080C0C0C0C0C0C0C0C0C0C0C0C0C0C0C0C0C0C0C0C0C0C0C0C0C0C0C0C0C0C0C0C0C0C0C0C0C0C0C0C0C0C0C0C0C0C0C0C0C0CFFC000110801A8014203012200021101031101FFC4001F0000010501010101010100000000000000000102030405060708090A0BFFC400B5100002010303020403050504040000017D01020300041105122131410613516107227114328191A1082342B1C11552D1F02433627282090A161718191A25262728292A3435363738393A434445464748494A535455565758595A636465666768696A737475767778797A838485868788898A92939495969798999AA2A3A4A5A6A7A8A9AAB2B3B4B5B6B7B8B9BAC2C3C4C5C6C7C8C9CAD2D3D4D5D6D7D8D9DAE1E2E3E4E5E6E7E8E9EAF1F2F3F4F5F6F7F8F9FAFFC4001F0100030101010101010101010000000000000102030405060708090A0BFFC400B51100020102040403040705040400010277000102031104052131061241510761711322328108144291A1B1C109233352F0156272D10A162434E125F11718191A262728292A35363738393A434445464748494A535455565758595A636465666768696A737475767778797A82838485868788898A92939495969798999AA2A3A4A5A6A7A8A9AAB2B3B4B5B6B7B8B9BAC2C3C4C5C6C7C8C9CAD2D3D4D5D6D7D8D9DAE2E3E4E5E6E7E8E9EAF2F3F4F5F6F7F8F9FAFFDA000C03010002110311003F00FB774AF0D4318FF570E4F40028C574BA36851C617E5880EBD07F857E7CF877E357886271E64DA93293DD9C93FAD7A07873E39EB28146DBE39E304B1AF4251EA727D4E3DCFBBB49D3E18F1F34239EE45749A625BC71A833C3F4DE38AF8C7C29F16754BD0BFB9BACFB93D6BBDD07C73A9DD227FA2CFEF96AE7BB1FD5525B9F53DBCF6D181FE910AF6FBE2AD43A95922F3750F5FEFD780E89AE6A171B730B7E26BA4D39F509F1FBB51CF7346A67ECEDBB3D8A3D734F53F35D444FFBD52FFC241A7A0FF8F94FC066BCBECEC6FA41FF002CD7EB5A5068F74C572C9CFE3472B26C99E803C4FA7A0FF5DBBE894A7C5DA781FF002D0FFC06B898B459BBCA07D055A8B43931CCC7F2A9E560754DE33B3C7FAB99BF0A0F8DA003E5B794FD4D73F0E8071CCB2115662D01475673EBCD1CA06B1F192B8F96D947D5AAEE85ADB6B57CD0F96AA02E78358F0F87E30EB95279EE6B6BC21A6476DA892AB862847EB4981A5F64DC68FB2E0D5E30E00FA531A2C1E948A512A7D9B27B573BF11AEEEF49D0D64B399ADE632E37019E306BAC1173DC8AE77E265B799A1C63FE9B67F43404A278F7887E3B6A1E15907DB99A48F38DCA39FD2A5D1FF6835D53E55B3D41CE7A806B9CF8BBA3F99668C177112A9E9D39AED7C291E976091FDB246B79142E06D01483D2A75BD8C4DDD1BC5B71ACED11D9DE2B30FE215B2906A0EBFF001EE3F1CD5AD2759D2422F97336E15A0BADDB01F2F9ADCF279ABD4662CDA65F4B6F22B2AC6AC8416F4A99FC26642DBAF1BA9E6B49F5517AAF0DBC32CB34836C6A327713D2AD2E89E2097EEE9371C8EBE59FF0A77172B6CE3EFBC316CAF26DBAD419873F2C6581351C1E0E321E64BCDBDB702A47E15DBFFC225E25997E5D3D93FDEE29F1FC3CF154E7FE3DE35F769179FD68E6411A72EC7370F846D63882B19E43EA7AD3FF00E118B31FF2CE66F6AE9D3E14F89A43F37929FF000315247F06BC40FF007AEAD97FE05FFD6A972572A34E56D8E553C3B6AA7FE3DD8FD687D3D2CC111C5E5AB1E41EF5D72FC0FD61BEFEA56E3E85BFC2B37C45E07B8F0779497170B74D3E5830278C70460FD688C95C3D935AB39D923CFAD46D1E074E3AD5C9A3E73D2A39536AFF004ABB125731E4547711E2DA4EBF74FF002AB0578A161F30151FC581F4E69580F17F893A36ED2E7E3F80F51D2B8AF8456D1E95A35B8B80CB04D2382C33F29CF1C0AF77F8D5E135B0F0DCD271B954D79A7C34D1965F0DD91651B96EF729EE0824FF004A994754D99BEE6D685ACE8B346BE5DC4B37FB90C8DFC8574B617B6AE408ED35493FDCB094FF00ECB5F45FC16B758BE18684C154BB59A163819638AE8DCDC6E1B235E3D6A6551459D14F0BCCB99B3E6DD3ECEEAE9311683AFC80F422C5C67F315A90F83B5B9D731F87356FF81A247FCDABDF249AE971F2C7F5CF5A235B9691B7C8235F4500FEB51ED7B1A7D55773C1FF00E15EF88FFE85BBBFFBFB17FF0015457BA79721FF0096F27FDF3FFD6A28F6CCAFAAC4FC59D1FC288BB4F96ADD011B7915D7685E1C48E65C4699E9D2BE15D37FE0AA5E22B79159BC1BA4B479E82EDC1C7D76D7BC7ECFDFF052BF08FC43D4E1D3B5CB3B8F0B5F4A02A492B892DD8FA6F1D3F102BDB941D8FBAC6785BC4984A3EDEAE1DF2EFA59FE47D57E1DD11553EEF7CF4AEE7C3BA4AED1C573FE1096DF53B28678268A68E550C8D1B6E561EB9AEEB41B5C9CFBE2B8E47C44E9CA0F927BF99AFA569BF77E5AE9F4AB0D8BF74D51D22C7728AE8F4DB4C0152736BD47DAD97F88AD18AD3029F6B6D802AEC707152D81596D735623B6E2AC25B6454A9062A40862B7E6A64B7C54A917153AC181CD003121E0FE75A7E1B840D41BFDDCD558E119AD1F0FC78BD6FF007294B60345E2E7DB1C54463CFAFE1568A7F2A694A8342BAC796EFF008D66F89F4DFED2B148FF00DBCFF3ADAF2E9BE46F93E9CD0296C7827C60F0F7D8A2DAC3EF3A907D306BBBF84BE04B0F15F89520BF845C47F6612283C6180E0FEB593F1D6DB3220FF687F3AEF3E0743E5F8B233FF4E9FD0512EE650D6563BAB2F847A0D90FDDE9E9FF000263FE35A11780F4984FCBA7DBFE2B9FE75AC9D29D583948F43D9C519A3C3D676A15A3B4B58D958152B10C839EB5782539C6453A95DF50514B61A131D867DA9718F4FCA968A0A1A5493D7F2A3663BB53A8A000F22BCFBE3027FA658B7AA38C7A72B5E805B0D5C27C605C4D63FEEBFE3CAD547731ADF09E7F32E0D42E8074AB532618FA540E39FC6BA8E491032FF3E6A6B18F75DC4BFDE703F5A694CFF5AB1A5C4D26A36E3BF98B81F8D04DB4B99BFB41C18F0ACDF4C5796FC2FB356F0BD97B5C13CFE35EADFB460D9E12B8FA71FAD799FC2C87FE292D3CFF007A73F8F5A24B5460F667D5DF08576FC35D0F1FF3E69FC85748791D2B9DF8443FE2DAE87FF5E71FF215D10E8D5CD53E23D5A3F02058F1F4A3F0C7B53874A2A0D46FCDE9453A8A00FE416D747C8FBA33E9524BA6295FBBC1EA31D2BEC1F187EC1A9E13F0FF009CFE5AAED0F9471B88C73CFAE715F39F8E7C207C2BABBC39F31771DBCE4803D6BF44A746955F761D0FF4F329C660B30838D1B3B791F457FC13A7F6BDD4FC097B0F85F5ABC6BAD25A6090195CB35B67A60FA7FF005ABF4DFC01ACC1AE69F1491B060C031C1AFC45F86704B0EBBE645BBE5C74EB9CF6F7FEB5FA8DFB17FC517D57C2D630DDCD1A4C91846DEDB73818EFF5FE75F379961FD955B44FE55F1D381F0D81C4FF006861128F37C4BCFB9F5B6870715D1D8DBE71581E18996E5159591B70078606BA8B20171C8EA2BCFD7B1FCC352C8B16D0D5C8E2F97A5476E013C7AD5A8C64566677B8A91616A548F8F5A238FB1C8FAD4C919C67F0A00458AA448F8A7228C7F4A785C8A00234DA79F4E6B43415C5EFFC0302A9ECE7D38AD0D113FD2BFE027B5263468327CDF8534A715206E71DF146D20D41646129D027EF3F0EB404C9A96D93327E14214B63C9BE3945FBE8FF00DE1FCEBB8F830BB7C551FF00D7A63F4AE37E382FFA5443FDA1FCEBB6F83E31E2B8BFEBD8FF0021448CE97C47AB274A753529D5CE7A235CE17F1A754772DB63FC47F31520EB4005145140051451400C93EFAFD6B88F8BDFEBAC3FDD93F9AD770EB9615C3FC5BF9AF2CC7A237F31551DCC6B7C2CE1651D6A065C55A93BFE9559C76AEA471DAE4457356F4419D62D78FF009680D5754C9AB5A086FEDBB5FF007FA501D0CCFDA4463C277033DABCE3E19AFF00C51BA5F3FF002D19BF435E89FB4B909E139EBCE3E1DB84F07E97B78CEEFF00D05AAA5B9CB3F859F567C2538F86BA10FF00A7188FFE3A2BA11D1AB9EF848B8F869A07FD7843FF00A00AE840FBD5CB53E23D8A3F02F41C3A51467029370ACCD05A29370A2803F99CD0FE3B78BBE2FEBEBA0F8774DD6758BFBA6C416B668F3CF2F206F2A01200279C80067AD7A3D9FF00C13D6EACA14D5BE2B78B2C7C2ED8F30E95A66CD4350F521D9E44822E38F95E520F55AEA7C5DFB58D9FC30F0CCDE1DF87FA3E9BE0DD058FCF61A28783ED000014DCDC9267B97C0EB21AF9A7E20FC5DD63C5BA94B25C5E5C32B9395DC4EDCFAE73FAE6BFA3B26E02C557B4EB7EED796E7ADC71F4D2ADCF2C2F095154E3FCCF56FF004FCCF58D5358F85BF075FC9F0AF823C3DAF496EFF36A3E2AD6350D56490F3C0B5B5FB0DB0C63F8C4B9EE4D49A3FF00C1463C61F0F668D340BFD07C376B0C824367E1DF0E69BA3C5260F42EB034F83CF4949E7EF03CD7CC37F7925C336E2D20EF9359B3EA2D18DB100A3D037FF5857DBD0E00CB29AF7E9A93F3D7F33F9773EF1538BB3DABEDB30C6CE5777B5F4FBAE7D8DA97FC15CBE24DE408ADAEEAF1B28E1D756BA4E7D7E59067EA7BE4F7AABA77FC15A3E26594AACDE2AF103608CE757B96CFFDF4CDFAE6BE397D42493FD664E3B8073FCEA17D424C7F1607FB27FC6B697056576B7B14786B3ECE1BBBAECFD0EF877FF05A9F1BE9770BFDA1AA49791AF54BAB586E78CFF78856FD6BE90F845FF0591D17C5D2C70EA961A7CCCD8DED6EEF6B20FC1F287F035F8C11EAD2AFCC3242F5C2919FD6A5B7F12790FB8AF43F7BA71E9D2BC0CC3C37CB2BA7CB1E57E47AF84E32CE283579F3AECCFE8CBE1AFED6DE03F892912DB6B034DB894E160D4144393E9BF3B3F322BD3D066347DDB9641B91B390E3D41E847B8AFE707E1C7ED1BACF82EE03DA6A17017015A16919A361E9B77018E9CE335F64FECA5FF0544D67C3221B37D43E5E3CCB4B87DD04B920642F1CFAED553DF27923F33CEFC32C561D3A9867CC8FB5CA7C42C3D69AA58B8723EE7EBB1754FE25DDD00EB55A6D79A3BA9A116978CD6EDB1B6AF191DABC87F66EFDB1BC29F18CDAC4B7F3687AEB80238E6B81F67B86EE2373C6EE3EEBE1BEB5EDF24924BABDE49296F3647491F70C364A28E9F402BF33C4E16AD09FB3AAACCFD0F0F89A75E3CF4A57465DCF8966B65FDDE91AA5C13D046141FD48156BC25E2C9F51F112DA4DA4EA1A7F990B4AAF3ED2AD82A31F293CF3DFD2B42339FF00F5F4AB5A7F370A7BA8E38E9EB5CE744533413AD495185FE55277ACCD42A4B61993F0A8EA4B6E18FD2AA3B8A5B1E57F1D4ECBA87FDF1D3EB5DA7C23DDFF00097460FF00CFB7F415C2FC799B6DDC3FEF81FAD777F087E6F16B7FB16A0F5F61552EA654773D55453A9A0F3F850B27CC791F9D726A7A4477A48897FDF5FE62A41C553D7EFD74DD3DA693EEA3A74FF78567B78E6D07F0CD9FA0A39592E493374B66933EFF00A5601F1EDBAF48666FCAA393E22460FCB6B2B7D48A6A2C9F6B15B9D1919FFF00551B71FF00EAAE64FC430C3E5B173FF031FE14C6F883211F2D9A8FABFF00F5A9F230F6D03A90306B87F8B4D9BEB5FF00AE6C7F51570F8FAE98FCB6F0FE66B9DF18EB136B3730BCA889B14AE17D2AE9C5A6673A89AD0E765A8641CD599386F5F4A858EF6FAD6C731105E3FAD5BD046ED6ED7FEBA0A836609CD4DA43795AA40DFDD706AA3AB21DD1CEFED4573E5F84E7DBDCFE75E7DF0E184BE16D254672C1B031EAAD5D6FED3BAB2CDE1D95370AF3DF87DAA59DD786AC619241FBB8CB1001E0D54F491C9F12691F637C281E47C35D051BEF2D84008F43E5AD741BC66BE5BD3FE217F67DBC70C7AB6A11A5BA00A892C802AF6007E55AD61E326D562DCB7FAB4EA18AFCD24BD4707AD734A17773D1A5884A2958FA3BCC18A8E6BF8611F34B1A7FBCC057CFA97ED20FBB78DF566E7F3352A3990716B27E3FFEBA5ECCD3EB1E47BAFF006FD8FF00CFE5AFFDFE5FF1A2BC27327FCFA9FCE8A3D907D619F801E20BC5915B2C5B6F1B57E603F01C571DACC8C436ED8AA0647B7E5FE35D66BD136E20A36DE7193B47EA33F9015CA6AF1ED7FBC8BB7B019FD5B26BFBFA9C629591FC2B96A8A473D765A591B0CCD8E9B547F3E6B326674383BC0EF96C56CDF5BB30666491C7524938FF000ACC9E38D376D54E9D38FF00F5D54A2B63EAA849199711AB86E63241F5CD539154A9E63F9B93C74FD2B51D760CFCCA1BB0048FE5503C1B4F0DF2FF00BA79FD2A654D743D3A750CE9A3C1EB18C0EBEBFA541349226E0ACA39E36BE3FAD69984B31FBC467B8AAF35BAE0962BB8FAA9E7F4ACFD99D34EA229C579345C907EA541CFE95BDA2F8898305DDB78E99E9DFBD61CFA6AAFCCACBEBD707F9D49671B42449938E3008C8AC2A61D4959A2AB5384E27D11F06FF688D4BC332C6BF68924B7CFCF138DD1B0E33C1E063008C10723A8AFD38FD893FE0A4D1B58D968BE33BB6BAD1E658E3B6D4998C92D8E7855933CBC5C81F365874C9E2BF17F46BE6B795587AE38F949EFF4AF53F859F132EBC3D72BE4CECAB2B625808F96407AE57BF7E01C9F5AFCFF0089F8330D98536946D2E8CACA789B1593D5E6BB941F43FA37B5B88AFED60B8B7923B8B7B88C4914B1B6F59548CE548EA0FE6318ED57AC3FE3E00F6AFCD7FF0082687FC143E0F0AEA76FE07F145F7FC486F8EEB2966CB369CE4F63DD33F7D7D3E71920E7F49F4E062BCDA4741F9FF9F51C1CD7F3467992D7CB710E8565E8FBA3FA0721CF70D9A61957C3BF5F265F5196FF00EBD4DB771EB51C6307F9D48ABD6BC53DD119369DDF97BD325B9F24EE3C71C5388C3753EC2B3FC43279766ACBFC44D553F8B52677E56793FC6FD4D6EB5287E6E04AA0E3EB5D6784F5084EA066592E23902EC25558718AF31F8D7732472D9B7CD937D02903BE5C57AA780F598AE2FA4B3874FB8B8BE842B4814E3E5385539E9F87BD54ACE473C4EAADF5C170EAAB25E4858E3A3119FC6A7370E471F68FCFFF00AF53A69BAB38F974865EFF0035C28FEA695744D6A46E34FB38CFAB4FC7E82B2BA3A63CDE6676A12C8F6A430902B3A725FA7CEB4E7B52CEDFBD93D3218558D5341BEB6B1F3350B7B5FB099116558256F31B2EA0630077C77A7A59786E372ADA7DDB30EFBA56C9EFDF34F99587CADE86735AFCDFEBA6F5FBD4C36C9DE490FD64ADCB6D17C37326EFECF9BE8CB21FEB56EDFC29A048BF2E9687BE194FF5A9E741EC9F739522D54FCCDF9CB4DF32CD7FE5A47FF7F6BB683C35A3C67E5D22DC7D6007F9D4C748D3ADC7CBA543BBFD9B74FE74BDA20FABB7A9E7AE34D91F2648BAF4F3F8AAF72B02285B7DBE581D896CE7DCD7A8C36B6CA06DB18D33FF004CD462B8DF8968A9AC4388D62FDCE4E075E69C657612A2E28E59C7F9150C8B8AB0C3A8FD6A193F97EB5B199191827DF8A546F29D4F7539A5C65B1DC51045E7DCA28EE78FCA9C65669932D51E4BFB425EB49A2DE3768E366E4D73FF0008355853C25A6334AB0ACD6C086207273EF5D07ED53A51D3BE1FEB522B32C86D640B838C1DA6A8FC16D1A37D3BC2C157E5CC206EEFF328E9E945496B739231D794ECB4ED5ADC26EFB42B3636E42AE4D6BC1AC20190D211EC871FCABE874D2612BFEA21EB9C6D1C1A8F538992DB72BED8D48CA81597B54774706EDB9E07FDB4CA06D5B966F4585CFF004A71D56E8AF16BA863D45BBFF857BF490466DB732EF1D7E639AAF33476E57C98D595BB62A7DA97F559773C27FB46EBFE7DB51FFC077FF0A2BDE3C887FE7D66FF00BE68A3DA87D55F73F991D7A3DF2B617E5CF39F5FD4FF002AE5F53B5C315F9BE6FEEF18FE7FCEBB6D62D199FA7FF5AB9BBFD3F24EE56F98F5AFF4021AEC7F04E5F88492392BCB652DF30CF1DF9CFEB5426B552ECDB71C765AE8AE6CDBE63B36F38AA1716AE73E9FCAB6E55B9F4D4710614B6ACA3819E3041E2A26B1761F328C7B1ADA1A5B48DDBAFAD492E8FB9474F5EA39A9E53B16312DCE73EC986C73D71D7A5466D362F1907A6735D2B68D88F8DB9E7907A5432E9184C7DEEFC1EB472A2E38C4DEE7357367E61E5BF1AAE6CB60FBA0E4751C1FE75BD7161E49FBA71FCAAACD67B72DD3D2A2513B29E2BA229C0B85C0F9471D715B9A05CB452E33B4138F503FCFD2B2E2B72C071FFD7ABD67114954FD01AC270BAB19622D28B4CF48F0D7882E6C4C534531596160C8EAD91C718CFA103A13D3D2BF633FE0933FB62C7F1E3E1943E15D566DDAF787ED4FD8CBB12D716A9C18493CEF873C67931BAE79524FE25C775711584DE432ACDE5B042C72A4E3807DB35F51FF00C134FE29FF00C2C0B2F0C5F785356B1F06FC5EF861A8CEBAF696BB563F16594BB84320DF9292461CB238055BE78A41B4AB2FE23E2E52C2D1CBE356B45DEFA35D1F9FA9FA1783B956331398D48E1AA2514B58B76BFA7A1FBAF17CDF8818A941C038AE0FE057C6CB7F8BFA3491CD08D37C43609FE9F60D950141C79F0E73BA16272792632403D89EECB6DED9E33D3B7AD7F39D3A919C79E1B1FBED7A33A33F675370D98E9EB55755B6FB444AA7A64D5A1D693CBF3463BD688C5ED73C0FE3CD97D96FF4EEBB46A36E5B8CF1BF1FD457AD7C1CB4D9E2CD418ED1FB9873F4DCB5C27C63B653E22D3C37DD37517E7BB23F957A2FC2743FF0935F7F79A15CFE68694BB9953B391EA243088E3AE2B1D535723E56B60377439C815B6A72291B86E9F8D731E858E7AEA0D426922373243E5ACF1FCA9DFE615A32DACB1B3322A727D074AB37D02BAAFCBCEF539FC454E9CD3BD83955CA305B4D32F2547D074A925D31A40BFBCDACA7391DEAD81B7B52D20E54558EDE646C6ECFB93522C2E0F2E6A6A28288C4415F8FC6B83F8A593ADC5FF5C063FEFA35DFFF001579FF00C4D6DDAFAFFB30A8FD4D547732ADF09CBB2E7BD40EBCD5875C7D2A1715D1D0E423C7CE7D6AD78722F33578876C31FD2ABE3F955FF0AC7BB5B8FD91A88F614B63CDBF6A6B647F08DD2B2AB2B21054F461E959FF0006F4D4B74F0EA2A2AA2CD00551D1002981573F6C4768BC077ACBB95CA05520F39240E3F3A97E145BF9175E1F8FAED9E15CFAE0A55C91CD1F8CFA9A13C1A4B88CC91B01DC7E742B2C7B89351B5E798BFBA1BDB3DF802B8BAE87B2B60B6890C5CAFCDFC43DEA40100C617F0AA8D6D70F71E609C20FE2455C83F9D40C978D30582E23DAB9F30B45919ED8C1A02E6A63EBF99A2B396D6F828FF4987FEFD1FF001A280B9FCE36A5E1E60181DBC8E42FCC6B9FD5741D919C46BCF1CF3CD7B61F0434B17DCEA33F4FC2B98F14F82A4B5DC4C7B76919C91C7A702BFBF29E295EC7F98597E7B173E5B9E277FA3801B76EF7C7FF00ABFAD66BE9DB4EDDA18F7AEEFC45A31123296DBC9C85E2B1D7435DFF00C44F635DD195D1F7587CC1385EE605A787CB32ED5661ECA4E6AFC7E1291B1F230FA8DB5D4E8BE16FB4BAA88F35D4E9BE0552A0ED5CE318DB58CEB2470E2B3C8D3EA7999F084878DBF86475ACFBDF0AC91E72BFC8D7B71F879803F74DCF4E33CFD6B1FC41E026817CC0A57775F96B38E213D0E5C3F1245CAD73C4AFF44DAA7201EDD2B2AF34BC0EDD38AF4DD7FC39F65DCBB4FCBD0E3AD73179A50EEB5D5195CFACC1E64E4AE71FFD96C1F1FE455A834B6CEEDB9C7435BD6FA3E48F97193D2B521F0D32E70A14F639ACA72573AAAE6491CEED65B76646DA7A64F39E3F0FCABA5FD99BF692F86E1F41F05FC505BDF01F8DBC16F3AF853E25E8212DAFE259A56658EE982EC9E205C868EE43211BBE74DCC0D1F126892D9E913491A65B67031C63D4FB1AF9AFE3C7FA6AACDE5F97711E76E46EC633C7E3E86BE1F8D78669E758174672716B54D7F5A9FA77857C473C063653A69494B477FF003E9F23F7A7E147893C5DE1FB6D1EF355D7B4DF154D6651EC3C4FE188858BB123AC96DBE451BB1FC123C6E3230A32B5F627C3AFDA8BC3DE27B58A1D72EECFC3BAA602B0BACC16B727D6376E2327BC721041E016500D7E20FF00C115BF6ADF157C4DF0AE97F0C6ED741B8FF847925B7D0AE6EEE5F4F96185434BF673322B2B7CA0850EB821402457E857C5CF1C47FB3D789AC747F8949A978264F1093168F25F4B14D69A948B92D15B5CC65D1DF037085CAC81727610091FC499A6558FC8F173A15A2F97BF75FA1FD774F1597671479E8CD732D1AEA9FCF73EFF00B6617968B710B2DC5BC832B2C4C248C8F665CAFEB525AE257E3E6E3B57C43E071E45CADC685AE5D5AB3F2B2D8DD987CC3F542037D7A7B57A0699F19BC71A01C0F135FDD71D2FA18AE94F23A965DDF8E6AB0F9AC269371B1E462B2695295935F71E85F1A933E24D33D05E213F419AF45F8509B7C5574BEB6F9FC99057CE7E3AF8DF7DA8BE8F71A8D8D8DF5D49AA5ADB42B6C1EDFCC2EFF3363E61858C48FC633E5E3A66BDEBE0378D34BF17789A57B0BA576FB3306824C25C45CA7DE4FC3AAE54E0F35D90C651AADC62F53CFA997D7A2954A8BDD7D8F602BFCA93CD5C807AE691A4523A8E955E4422E8347F77183F5A0D076A8F88D319CF9A838FF7854C8D83CF5E6A9EA972DF678FE5DA7CF897A75CB8A988917F80337BD0C5D4B119C9CEEC8A716C55788B3655957E5F4A9047B4F4FCE818F539A5A452338A18F1400B5E77F121F3E2361FF4CD3FAD7A1671FD6BCE3E229DDE28947FB083F4ABA7B98D6F84C297EE540C322A790E507E955F15B5CE51A39538AD4F070CEB83FEB9B7F4ACB4F96B5BC14B9D6DBFEB9B7F4A6B714B63CB7F6C6B592F7C13750C65564917E52C372E41046477E9D2A6F852765CF8755B991A7849C0EFF27F9FCAAD7ED50BFF001223C6EE702A3F85E99D7FC3EBFF004F117F35AD2472C7E23E9A0725BEB449F22F1B7DC0A451B9F392BCF4C75AA3E28F11D8F84F42B8D4B52BC86CEC6D50C934D236D58D477CFF004EFEFD2B979652972AF923D794E305CD3D175BEC4E6E7716F2FEF2E412470B4E465B7E339EE5BD6BE0EFDAC3FE0B2FA5FC3C924D37C09670DCDC28757BBBA46C47B490A563E072791B8F4EA074AFCFEF8DDFF052BF8A9F1327B8FB578D35E86190F296D726D508F4DB1055C1C74C1FE75F7D92F86B9AE61155251508F77FE47E639D78B393602A7B1A2FDA4BFBBB7DE7EFA7DAA3FF009E83FEFA1457F34B2FED39E2D925663E24D6B2C493FE90C7F5CD15F49FF106F19FF3FA3F733E7FFE23451FFA0697DEBFC8FB0747D0ACE3D2D7CC8D5A338133337962DF208C9F5C7CA4B1C74C60E735C37C5AB6D36DDA48EC2E975458F2035A2168D724F05CE179183C31C56E4F731F96ACE0CCCBCA198EFDBF45FBA3F002B85F887AF35EA664918EDE32CD9DA2BF76C2D3A8EADEFA1FE7CE5294AB2B2BB3CAFC4B04D2966F2638CB71CB97E9DF031CFE3597A6E86D2B8DF23367B2A05C7F3AD2D6F5959CB7962490648F917E5FF0A8F4796763FEAE28B6B0FBEFB89FC00FEB5F4CA5689FA9539548D1B5AC761E0EF0921DA70D26D39F998F15EA1A2F8219A05D91AFCC78E3A9AE2FC056D379A9BAEB6F3F75205E78FF006893F8D7D3BF03B5CD32DBC29AA5AC917896FAFA588C8AB65A9BDAC6C029CEE1185C631DC92471838E7E5F3AC755C3C39E9C79B5DB63E1F1DFED189F673ACA0ACDDF57B74F99E5969F0FA4BBB85861B6F31DBE51B179626A8F8F7E13DF6896ABF6ED3AF2CC367679F0326EC75C6E1EE3F31EB5EC5E094B3D3FC7F1FDA2DFF76B298FFE421728B09EE7CC590301D7927F4AB5FB4AFF006025969F6FA7C77AB2468D2BB36AF773AB678180F290A7AE48EBF415E33CDAB2C5C2928FBAFAFF004CF2F2FA309E0E78C75B583B5B5BBFEBD4F897C77E0C8EDA593F77DBAF4C8FC2BCEB57F0F2C4C405900F663FD735EE1F10AC637793125CE3A8FDF1FEB9AF2DD6AC99266559BF07456CD7DCE16A7BA7E8990E3A52A69DCC0D1F4A6F37FD62B608C06407F5041AEF21F0BC6BA5AAB5AED91B1F3C12798B8EE48E1D7FEF93F5AE6B478667B85FDDAC9DCED6DA40FA371FAD7A4787F48827897CE905A961FBB1720C61FA7DD73F29FF00BEB3ED58E2A56699D79AE2E71D7F22A6B5F06FCDF833FF0009147E4DD5AB5DFD964785C3792DB7857507E56383C3007183DC67E41F8EDF0F636F376AFDD258638DBC13FE735F656BFF00676D16E639A16FB7479D932B6C7C75E481F37B29CAF1D2BC23C4BE1C5F1078923B7B8F2FC9924556902851CB01823F8739E0E4AE7038AE6C2D492849D4D56BF71F43C1B9BCE956F694DBB767FA1E15FB36FED01AC7ECB1AFFF006A68BA6DBDD6AD6F749736ED75BBC85651FC6AA4332FA8565C8EE066BF4B6E7F6F5FDACBF6F1F853E21D17C45F04449E1FF185B2C83C3B27C32D46ED12D9E2536D3C770FB5DD81C4D15C06055CAB2EDDAB583F11BF633F09FC14FD993C07E28D234C857C49AA5DDFD95E4B23333F990C9B00CB70AC1B38DA140C018DDCD7EC6FECE1E3B6F899FB3F783B5E3797174BAC6956F765E490B3319235725874DD9639F71DABF9BBC4C951C5A86230F1D2EE2DFA1FD69E1E671158BAD4E50F79A52EF7BECCFC55F84FE11F8D5F0BEC26824D17E28E937562EA9343A9786B529AD49518DC03C5F2023B2900735F417C13F167C73F899AF43A7E93E03D675998FDE912CEE6C6D620392F2CD73B22503DDF246400DD2BF5796EE7E8B713AF1D3CD6C0FA73C7E152593C972F27992492000101DD9F07D464F1FAFBE6BF19AD94C2AB5CCECBC8FD7A39D4A2AFCA9BFD4FCCDF88FE3AF1C7C05F8D7E11D27E2369F6FA2C77C352D42D6686F20B9B1B88E0863B7DC248B94DAD780B798130593939C1F6AD0FC45677D15BCD1BAAB47878E48D8ABC5DC157520AE7DB0706BD8BE2DE85696DF142DB5416F1FDB7528EDF4AB89186E135A24934AB0B29F94A19267665C60FCB9CED5038DF12FEC5ABABEBF712FC3DBCB5F0FDD1479CE8D73BBFB26620AE444572F6A4EE2708AD1E40C22753CB5327952D6936CEBA79F53ACE34EAAE9AFA9D2F83BF68BF14784D5524BC8F58B45C298F50FF005BB7FD99970F9F77DE715EA1E0EFDAB7C37AE058F55FB46833F426E3125B93D38957803DDC2D7C917BAD6B1F0F3C44BA1F8A34ABBD07573964B7B9036DC28E37432025265FF718919F982938ADFD3F5CB7D4576AB2E4F71F8F5FCB15CF1C6D6A6F9646F530146AAE6A67D8DE32F164763E18B7D4AC648EFE16BBB758CC2DE62C81A40BC119CF5EDE9552DBE2EAB46BE669D7CD21507114658735F296937B79E1CB95BBD1AF6E2C6457128FB3C9B559874253EE3107FBC0F4AF55F00FED6775A6E21F1269B1DE46B80D77631849171DDA2270DD7AA11ECA6BBE8E694A4B966AC79988C9EBC5F341DD1EC5FF000B21AE6DB36FA5DF79C780B247B47E3443E3EBA1F2C9A35E36067319041FD6ACF827C7FA1F8FB4E6B9D1B50B6BE8D48F3021C49131ECEA70CA7D9866B782AA0E0715DF1945ABA3CD74E69DA5B9CEDBF8DEF66E9A0DF05F52CBFE356DBC5170A17FE25775BBB8DC062B64601E0FE94BB71DFF004AABA0B3EE61CDE20D40B2F95A5B329EB99318AE2FC5D7335DEBF334F17932154CA75DBC7AD7A830E3AD79AF8F467C5B75DF684FFD045545A32AA9DB530C9C0FA9CFD2A3CED15338DBFD6A13F76B439C603C1AD7F031FF0089E3FF00D7227F956428FBC7DEB5FC0033AD4D9ED01FE629C7713D8F3EFDA99F1A5A83D198669FF0A937F8B7C3EB8FBB3A9FD2A1FDAACE74F8C0FEF81FAD5CF84B0E7C6FA27FB2E0E71D3E535BCF6B9CD75CDA9EE1E35BF8F45D126BEB8D4469B69648D2CF3310155473939EDFE18AFCDCFF00828A7ED71ACF8CC0D2EDE4BBB2D273FE8F0BC9891C0FF96D2E3FE5A1CF0A78507FBD935F5EFC5BF17C9F17FC75A968B67E63E85E0FC3DEECFBB757BD52327BAC590C47F7C8FEE57E61FED91AB1BDF899AC7CA76A4A6350CDD31FE2727FC2BF4CF0DF87E8D5C5FB5C42BB5AD9F43F06F1B38D31186C1C70B82768CDF2DD3D5DB7B1F32FC47F1034B7527CEEEEC4EE258B6E3EA49EB5E77AD5EC9329E37678EBD2BB6F14D8FDAAF1DB1BB1D874AE66F743DECDFDD6E768ED5FD294E318C79628FC1B2B9538C1396E72E4C83FE5A515AC740973F768AAE63E87EB74CFAF352D71826EDC90F7C022461F53F747E00FD6BCF3C65AE2C8CCC7749C1E5BE63FE7E8052DFF008A3F778DDF363A0E3F3ED5C67897C40A7705FBDD38C9FF00EB5187A1695CFC8B2BCA5AA97B15B53D55633B9DBB7F135374AD7E292E36AEE93F87E45F6AE5F50D6A3F3D98F55F539FF3FCA9B6BE251BDBE61C7A9E95EB7B1F74FBB596DE1B5CF6EF04F89669161DB6E36F40CD38519E3B0C9AF6FF00879E31FB3594CB37D85A1900564632B038208C80CBBB079E4F5C1EA057CA5E19F19471DC47B5F771C0EB8FC6BD53C21E238EE60DCEBB7D7E6EF5E1E6183E75667E75C4194CA2F9E31B5BFAEA7B543E29FB25E472B4F66E55C3EC9212E87BE0E5B3F5F5FAF354FE21FC479B5FD3EDE3FF0040B75B384C4820B665CAF6CE643D3A0EF81CD79FA6B51CE578FBBD0E7AD64F8975C5B6B66C16FC4815E6432E8BA8A4D6C7CCE132FA8A5C97D1BD559187E35D6E4919C192DDFF00DE5607F99AF3AD5F5191A43FBB8D98FF00764C7F3C7F3AD1F15F8B15676628FD4F4E6B8CD4FC4B12EE3E632B37F7948FD715F49468B5147EA99465D38C17BB736F45BE8E39834BE642BEAEB951F88C8AF46D2F5F9F4CD33F76FBA3917A821D08F43DBFCF4AF1ED23C44AB20DB2639EAAFCD7531F8B1258F62AED60B8DF1FC8C3EA475FC7358E228B7B9B66397CA6D2B1ADE27F124969A74C91B98E361B997EF464E7FBB80579FEEE07B1AF3BB1BE69EFA56750AC77654F2AC0F53D3183D0F6F51D8D8F18F8A18E9FB0159727AE31227E1D0FE001AE7B47D7FECBA8DBB2CC146F0CAEBFC24F04F7190091C83D4820824547B1B5276DD9EE65797BA74AECFACFE2CF8B6FAEFF00662F8776F35FA5DC3F6BBA31C4E7FD2AC4A48E7CBCE332C4576BA337CF1E3612EBB36FEA17FC134AF05E7EC1BF0C24546553A46D2A4F42B23A923D41C0C7B015F8E3F14BE36DAEADF08FC0FA759C325B5FF8767D4AF2E046C3EC72F99E5189E31FC04947568DBA1404314750BFB3FF00B007860F837F622F853A7EF3214F0D5A4DB8A95244A9E6E083C8237E0E7B835FCEBE2261FD8E069C5C6CDCE47EFF00E17DEAE6556A295D28453F91EC6A735634CF99A5FF0077AD554276F6AB5A631612FB2D7E3F1DCFDDAA1E43F19C13E35D157FE9F507E8D5DF7C2D07FE13790F3FF1ED2F4FF7A3AE17E331FF008ADB45E7FE5F63FE4D5DF7C285FF008ACA5FFAF593FF00434AAA9B332A7ACD1D6FC43F877A1FC4DF0B5C697E20D2ECF56D3A41B9A0B84DCA18038753D51C6721D48607A115F1C7C46FD973C49F0C6EA6BEF09B5EF8AB43872EFA739F3354B25C1FB98005D20F4189BB6243F357DC8E3E43FDDF4AE5EC2C16D7C6BB13EEF965FEA4D7995B0B4EAC6D23D8A38BAB4657833E1DF0B7C40835A86392DE759958905B3D48E083DF20F183C83C75ADF4D4A1BCEA76B13FD2BDF7F68CFD933C3BF12F56B5D52CD9BC39E27D42E5607D52CE2565B8FDDBB0FB442485980DB8DC4AC8A3A381C1F977E29F873C5DFB386AAB6FE30D3638F4B99C241ADDA334BA6CE4F456720343213D124033C85670335F3B8BC154A2EF25747D260F30A55B4D99D6E9F713E8FA8457961733D9DE443E49A095A3741DC64763E84107B835EBDF0D7F6C0B8B078ACFC596AD7099DABA8DAC3871EF2443393DF31FD360AF03D07C5B0DFC6196456563D09E9F8D6E40D0EAB17501B1C64D7361F195294AF4DFC8EBC46069D657923ED9F0F7896C7C53A4C1A869D7505E59DD2EE8E689B72B8CE3F020E411D41C83D0D5E6605ABE1FF0E78F75EF83DAD4BA969176D1C6D892E2D5C936F7400E8CBD98818DEB861C724020FD97E09F1759F8EBC2B63AB58C8B2DBDFC2B2A90725723953EEA7208EC4115F4380CC21894D256923E6F30CB6786B37AC59B0DF72BCCFC70DBBC5779F5507FEF915E96AEACBC1AF30F1836FF0013DF7FD741FF00A08AF561BEA7915B63225E7A7E3518E69EEDD6A293AD68728D638CD6E780133A9DC9FF00A638FF00C7AB08F22B77E1D7CDA85D119F9611FF00A1538EE1D0F35FDA98FEEE15FF006D41FF00BE855583C629F0DB47D47C492A0787C37A6DC6A0E09C67644C140F72E547E3563F69CFDE5FDA27F7A64CFF00DF55E7BFB4FEA30E9BF02AF21B89162B7D5B52D3B4E9D89DA3CA7B90F2648E9F2A1AF530143DB62234FBB47CEE798C785C055C4276693B3ECF6B947C1BF11AEBE08FECC92EB1AF4BBB52F112BEA571BCED9A69A62D20E08CF2580FFEB57E7CFC57F117FC251AD5C4D33B3CD752348C58F2493CF1FF00D6AFA1BFE0A13FB46E97E22D623D1F439BFE24FA3288E301898D8A8DBC0C76C1FCEBE2AD4FC7F1DD6AACC64CE173807AE0D7F49707E4EE8D178B9479653D6DD9743F87F8D332AD9A63A386A12E6A541593DEF2EAFEF34F5BF02491C3BE48D9437CDCF715C4EB3626D5993663F9D7A0D9F8F1BC456B1C72B6D8F1B4678AC1F135BC28DE620DFBB8249FBA7EBFE15F674E534FDE3E772FC457854F6754E089C7F0AFE5456E7D8EDFFE7A2FFDFB5FF1A2B7F6C7D07D6911BEAED35B139DCA0649CF1FFD6AE67C41A8155277B05CF3819CFD2AADAF88C146070CC4F018F03F0FF1ACDF11EB26642CDF780079AF7E14D459EB6172EE4A96B197AB6A4DBF86EBEAD9C7F8557B1D441986E6FAD61EAFA9E1C9DDDF9ACF8B55F9F9623B75AEAD19F634F2FBC0F56F0EEB98752B8F9481C1EDFE7F9D7AB784FC43E7DB70CA08EBEF5F38E8BAAAC328F9F1F2F3935DFF0087BC6CB0D96D431F001CE39AE7C451525A1F259E646EA2D11EE765AF798C17CD8FD39603158FE3DF12C76F16DDF1EE61FC2C1B15C0D8FC43F23959768C6060E3FCFF00F5AB9EF1A7C4692E633BA52E17BE7AD72C30B69DCF97C1F0DCDD65A0BE28F162F98C3CC0793F8571FABF89F7EEF9F77D6B1F5EF1179B2162DF7B3DEB9DD4F59FF6BF335DFCA91FA965B9328C52B1DB5A78A3E75DADF32F75ADAB6F144B22E3CECEEEA0F4FD2BCA6C7C40A8DC6DC7D6B734CD79436EF99542F6E7159548A67462B275BD8EB7C41ACB42EAAECCBB864739CFD31FCBAD65787FC42B71AC2A332C859BEE6EC6E3D060FAF604F5CE0F1D39AF10F88FFD1D98B1618EDC83F4AE4078ADACAF56686431CD13F3CE4363BFD477C707AF0735CB5A378347A597E48EA537A1F5F68BE07D2FC63FB45F863C1F63A8C973A7EA971A7D95CDC491B46D13CC231382ADCA18999C104654C67D0D7F42FE0CD30685E0DD26CD63F296D6D634D9FDC18C81F80201FA57E027FC11AFE1CDE7ED05FB6C784A7B96FB4C76F7F25D5F17193B16076666FF0078803DB15FD054B3F9B3B49FDF25BF035FCC1E2B6293C653C3295F916BEACFD6BC33CAA385A156ADB593FC8941CA9ABBA50C09BDD4567AB62AEE8C4B09BFDD007EB5F944773F4F7B1E51F1817778EF47F45BB53FF8EB57A07C271FF156C87D6DA43FF8FAD705F15CFF00C577A5FB4E0FD30AD5DFFC293BBC56DFF5EB27FE86B553D99852F891E8CE3F74D593670AB789A493BAC42B59D80FA64E7F2AA7018CEA92BAAFCDB403C75AE33D2DD99FE307FF0089AF87B6B7DED4B1D71FF2EF39FE95A1AC68767E23D26E2C6FAD6DAF6CEEE3314D6F3C6B2453230219595810548C8C1C8238AE6FE2BF881B40BEF0B4A2D6E2E8CBAC08C244016E6D6E4E7E9C54C9F131D117768DA906E806D538FD6A9C6F1D4CE35396A33E7FF8B9FF0004E1B5B0966D53E1ADF1D1673F3BE897AED269F29EE227E64809E703E74FBA02A015E0ADE22BEF0AF88AEB47D62CEEB48D6B4D7DB77693E37A649C3647CAC8719591495600907835F7B5DFC4C9A2215341D5A6DC7920200A3F3AF17FDB17C1E9F157C08FE2087C3B7F6FAD785636BB8E72A99B8B50737101C1E46CCC8BC1F9E31D37367C1CCB2A84A2EA52D1A3E832BCE5C24A9D5D533C2EDFC5D75AB23430AE164057E61BB1F9D7A37ECF9F176FBE11EA5E5CBBE6D1EE5B1796AB960A7A79C83FBE3B81F7D463A85C792E8B7AAA91B2B2ED600E40F6CFEBDBF1ADEB6D537850AABD73C0E6BE630F56746AAA89EDF89F655B0B0AF4BD9C9687DF5A4EA906AF6105D5B4914D6D731ACB1491B065756C10C0F7041CE6BCCFC4F2B3F89F50FF00AECC3F2E2BCD7F667F8E4FE12BD8F41BA0F71A7DFCB8B4F9C2F913B1FB9F37016463EBC39EFBB8F44D559AE356BA94A346D2CACDB0F55C9C907DC74AFBFC1E2235E3CF13F37CCB0B2C3D4F672F914A4EB517515348BC542C985AEC3CB2357DA7B5745F0E131797C7FE992E7DB935CF04F9723AD747F0D8627D409EE89FCCD38EE296C798FED0EA2E3C4962B9FF009785FE75E1DFF0512B99AC7F64BD4AEA191E27B1D66C252EB9CAE19D7391C8C161CFAE2BDCFE3982DE31D3C7FD3615E5DFB68F812EBE25FEC75F11B4CB3C35D43A5C9A9C7198F7F986D5A398803AE70AC723D2BE8787EB4696634673D9495CF91E2AC2BC465388A11FB5167E4FFC77F8B13EA0D34935F497934CC59A46CB1958839273DFD49CE73DABC7B48F1A96BA99A47DBBB3B7A6319AB3F11B519AFEDF3B94A9C9046338F7AF34B9D4DAD67DDCF03B9C66BFB0F0EE9C69A51D8FE53C8F23A71A0E0F7BEA7AF787FC7262BA911A46E08DBCF5AD3D73C69BE061E675038CF5F7C7E95E27178A7ECCA1949DDD700FF9269F278E59A3DA7E51BB2707D3AD3B46F7675D4E1752A9CE91EA6BE311B7EEFF00E3D45794FF00C258CFF307E0F239A28E5895FEAD7916D7C52C8FF78819F5E28BDF146F83EF75E3DAB87FEDA655F958E0F60685D443FDE66E7B05E4D7BD2ACB747D67F64C6F7B1AD7DAAEE73B4EDFAD65B5FB7CDD4F3C9E94A6E0DC9E3AA8EC49CFE27FA714925A11F336D56EE4D73BC52477429C60B94B967AA347865661839F97B7E75B1A7F8BBC8CFDD65EA37B1EFF004AE5645310E55B19E0F414D8EE30392C3B60633FAD0B16B626A60E1516C770DE3C2A38F27E9826B1F57F17B5D31DDE4AFA002B9D9B5358CF31C87DCCBFFD6ACEBBBE5676C0EBFF004D09FE954B108AC3E534D3BA4685E6BACEFC955F5C5645EEB2CEC7F787D38AA17B7ECA376E6CB7400E45654FAA302C3774F5159CABF43E830D97AE88E92D758CBFDE5CF5C7EB5A567ADB32361BE51C939C7EB5C4DBDEE07CDF7BD0568D9DF34906D1C77CE3A544ABD9155B02BAA3435ED6DDE22A8FEE48F6FEB573C25E13178B677170FF003492170847CBB4723F32318FC2B26CED0DF4C5A4FE1C0EC339E9C57D3FFB02FEC937DFB4B7C6FD1B475D3EEAF34AB26867D4A38F2A666723CBB60DFC2D336D5CF555F324E8848F0738CDE185C34AB4DFC21CB2F770F43E2933F533FE0817FB1B8F82BF0C6F3C6BAA5AEDD6354B65B78E4618DBE78595C0FF0076110FD0CE7DF1FA289D3EED733F097E1FDBFC2DF87BA56816AF1CC9A7C21659A35DA97129E5E403B296C851D91507F0D74C95FC799D6653C7E32A6266FE27F81FB2E53818E0F0B1A0B75BFA8E27E5ABDA38F966FA0FEB547B1AB9A3B644DD7B7F2AF2E3B9DF2D8F14FDA63E20E83F09566F1578A35AD3FC3BE1BF0DA1BDD4F54BE97CBB7B08402A5DCE09FBCCAA000598B00A09201E73F678FF00829EFECEBF113C63E1D8747F8E9F0AEFAF3C5523699A659A788618AEAF6ECC8816148A42926F666508194162E0004902BE39FF0083A73E21EB1E18FD826FF47D2D64FB2788357B08B569B2BB21B58AE22900396DC33388725411818620B007F9D3B1D68C1AD47776B6D1B2A3712BA662461CE0703E6524100F7DA71DEB3A95356874E96D23FB8CF1478EA1B7D763D0ED248DB559EDCDDCA09C7D8EDB3B44AFE859FE5453CB302402A8E5791B4F1949A46B76F65378AF4E8B50D481FB2DA5C3A2CF77B776EF2909CB95DA72172400735FCD6FEC53FF0005F3F8EDFB267C26F175949AEDBF8A2D358B65B5D2AE3C45A735E6A1A248910823920B8623CC8E15E12DAE03C6AD8655FBEAF8DE1BFF0082A97C70F8B1F1060F1B6B9F1035CB8FB3DF417BF6F86D60B7D4EF25B7CB42A3C98D633B7950A116150E484CEE073A93508A93378C5CE4D44FE9CB586D526F197837ED3A8437112EB4C0A08C2B6469F7A4679F6E9F8D7A1ADA6D3CB7B6715FCF0FC25FF839DBE2C7C39F16693278EFC27E1FF1769DA5DEADDCF0C16634AB94530C91B04B88C98C3ED91885910AB118F94735FB25FB0DFF00C1503E127FC141FC34F79F0EFC4D1DC6A96B10B8BDD07524167AC69B1E71BA58093BE3E47EFA26923249F981E2A3DA292D194A8BA6DB99F473DB09D4AEEDBEB8EF55E4D1D3C9DBBB7230DAEADD181EA0FD471F8D2C1A9A63E61B18E0F231C1E011EDC54E0877DDDB23BD0D5D6A52B6E7E7A78D7C0ADF0BBC7FAF786738FEC5BC64B6C9CEFB67C4907D4F96CA3EAAC3B5651BA9216F95B85E71D0D7D25FF0501F84334FA65B78F34F85A6934584DAEAE88A58BD892584D8CFFCB1666278FF005724873F20AF98A6BC5B83856E1BAF39C7615F0B9961DD1ACD74E87E8F94633DBD14DEEB46747A4DEFDAD0C6CBB95BF5FF003FA57D09F07FE21378EF4268EEA4F3354B1C2CCDDEE50F0B37FBC4F0DFED609FBD5F2FE8B76C08CE4AA90081DC74FF00F51AEE7C0BE2EB8F0BEB76FA85B90D2C27946F956743F790FB374FAE0F6AE8CA71EE95449EC7367997471149B8FC5D0FA45F91F876A8C8DC2A3B1D560D774EB7BCB593CCB6BB412C448C360F63EE08208F553521EB5F749A6AEBA9F9ACA2D49C5F4231D1ABA4F874BF35F9FF00653FAD7384655BEB5D2FC3A5F9350FA255C773391E69F1AA31278D34FF00FAEC2B73E10698979E2F8EDE68D268DE39C3A30C82AC157A7E7597F1723DDE38B1FF00665FF1AE87E08C1BBC72C76EEFDCCBC1EFCAD744AE95D1C718A73E567E23FF00C1533F633BAFD91FF68CD5B4E86D997C33AC48D79A3CC14EDFB3B93B533FDE439523AFC80F715F16F8BB4E9202CD1FCCB824F3D79E6BFA8AFDB53F633F0BFEDB3F05EEBC2FE228BCBB8C34BA76A11AEE9AC27DB80EBD323A654F040C1E318FE77BF6E0FD8DFC6BFB1A7C45BAF0BF8CB4D68D5CB3586A11296B5D4A304FCD1311F4CA9E54F6E727FA1780B8DA9E3B0D1C1E2256A9156F53F15E26E13AB95635E2282BD29BBFA791F345E6A8D02B0E57B818DB83FE7F9D556D6BE7DDFC3FC401FCC537C4501B699946DCB0EB8FD7F0AC3BD9D90E32DC724818CFA57E873C5F664E1F0D09C798DCFED727FE5B6DF6C74A2B963A8367F8BF2A2B1FED08F73AFEA313A7F3B6B1FEE9FC322AE58032372DB79EA6B22EEE76BE4FE4074A974AD6BEC5700F565E39E76D7B95312FA1C93A2DC6E8EAECED70AAC094CF52472DFE15764B4DED85560DD49E49FCCD65D96BB15E228665773FC24EDDBF538E9F99AB86EE32BF332B0EDF280A3FE03DFF001C9F6AF36A576789529D44EEC8678126381F31FBA42F27F3E954E5B7F2893C2F3F74B671F855EBA9942AEE7CB740A074FA01FCBA567DD4BE5EEE3E81881FA60F3531C4336A3CC53B88D3A7CDFF0001E2B32F36A93F37DDAB77FA90897EF28E390474FD7FA5731AD6BF9C84C1E7D3F5ADA38A6D9ECE0F0F39B1754B950BF797E5E9918AC3BA9CA3F6F97A6067355EE35192673B8F1E94EB585AF24F95793DAABEB097C4CFA4A387F671BC8B964ED3151FC4481C0FEB5B7687C85F95BB81FEE9CFF9FCEAB695A7ADB441B692D8C907A11DEB73C33A0C9AA6A71431AC8DB9C28551B988CF403B9EC077F5AE5AF8D51837276470E22A26FDD3ACF81FF0C353F8B7E39B1D1749B5FB45D5DEE6D9B82AAA2E0BB331E1540E4B1E147278AFE81BFE096DFB0C69BFB2E7C26B5D5AE564B8D6B588FED0249A22AD217428F74CAD82A5D0F97129E520E7EF4AD5F30FFC12DFFE098571F02FE066A5F143C65622DF5AFB0B5D5AD9CA9B9A655F2D82B29FF9609B49C1C19650C48D889BBF529EE3ED0DE6673E600D93FC5919CFF9FF000AFE7EE3CE2F963A6F05877EE2DDAEACFAEE1BC855297D6EBAF79ECBB234ED794FAF5F7FF3FD2A5E50D4569FEAC54EFD6BF2E3ED8527E5AB3A38DC937E1DAAA3B613EB56F476DA2E3B1E2AA1B9327A1F2FFEDE9F02F4CFDA134E5F0DEB563A2EA5A6DE16596DB55B396F6C5D860AF9B0C72C4CEA30DB417C062A483815FCB1FC55F827AB7C39F8A1E36D1756D31B4087C23AF5C69F3D9346CD662E126940814BB671E5A7CAD925976F27863FD697C75BA921F1A5A792BE64BB8EC539DACE410B9C73B77119F6CF7AFE7FFF00E0AE7E2C4F1FFF00C157AE3C23158C975A4691796900B1C02F7F3B5A23199CE71FBD32EE233B502A28E10038621284B98D30B27517B3EBD0F05FD917F608BCFDA7C5C5ACCD25BDD473476F1C9713362CE25DCD3160464ED00803248DC0E7919FD4FF00D9FF00F612F04FC16F0D59C56BA3C7AB5F69E822FB55EC61978C0F963FBBEDCE49AE97F653FD9E349F0648DA9DBDB793757D0C71DE00E1D536A2803381BB00637103A63039AF7C92C63B42BB178C6E04F3CF4EBD476FCFEB5F199A632B54D60F4E87E8F93E5B42824AA2BCBA9E0BE27FD967C27A84A350BEF0BE8571347289217B8B146F29B900A020AE79F43C1E9CD78DF8C3F62287E17F8B34DF1DFC35BBD4BC35E33F0D5E25F69D35A6C8E5491307E43819C81868DB70915DD5B21C8AF58F889FB50692DE39F187F686A571A5F833E1F1167AADDDA4CB6B36B3A8F96D2496C97041F26D6DA31995D0F98EE76A95039B9FB30FC7AB5FDAA7C1F36BFA5784EEFC3DA0C32B5BE9B25D4AACD7F12FDE951796540C76ED94F99B95832A905479AAA62A8C3DB5F43D9787C2D69FB29451D57EC2BFF0547D5BC1BA63DFF8835FBEF104D1CD29F11E85793B2DC445EE1BCDB9B48673BE2085C1D91EE88A9284210241FA69E08FDA33C1BE34F095AEB363AF58BD85F2F98934926DCFCC559581C6D75652ACA79057BD7E54FC52F847A578A56EA3BDB13751DD6D7B84858C539DA432CB0C8BCC332100874EA3208C1AF4DFD9BBE09EB7A37822E2D75CB8B4BA92F2EDF56D2AE6D4031CB65228550E57813A302241D080AC406C8AF5723CCAACEA384B55F91E1F16E5787A18755A9FBB3DADDCFD07F88BF1AF4D87459134F8ECF58591D6397CE9156DCC4C70E72410C3693C0E0F72066BE0EF895E15B5F855F14752D06C2F2CEEF43909B9D25EDEE84CB15BB1FF008F77604E24849D8413965F2DB9DD5DABFC2CBDFECB5459A7551F2925D87CB820AFD0E7A7D3D2B9AF19FECE73DD787AE24D36D4C37D691B5C5A491A12A5D14B6C6F671953F81E318AF5738C3C6BD1BC57BC8F91C8B329D0C4A53DA5A193A75FA975512636E3209EBFE7D3B71EB5D1E95AA862AACC463038ED5E57E1AF122EBDA6C3748BF794718E7D79F7F5AE86C7C46CB381BB254E1C1E3DABE1E33B6B73F4E74B99687D33FB3FF8DC2CCFA2CEDF25C969ADB27EEC98F993FE04006FAA9EED5E9E060FF874AF943C1BE2565B885D6468E452A5590E190A9C820F639E7F0AFA63C09E305F19F86E2BA3B16E10F93728A30164007207F75810DF52476AFBAC9730F6B4F925BA3F3BE20CB7D8D4F6B05A3358AFCA718FC6BA7F86EBBADF50F7283F9D7339C8AEA7E1B262CAF9BFE9A20FD2BE8207CC48F3DF89B1F9DE37B4FF00664FE86BA0F82C7CAF881B3FBD6F313ED865158BE3F4F33C7502F7DE78FC2B6BE10A0FF858E3DEC6E48F6FDE463FAD754BE167152FE22F53D59E6CC91AE7F0FF003FE735C07ED15FB367837F69DF025D787BC65A4D9EAD633A15DD220F3213D9949E847BF4CF07D3C7FF00681BDBBD37E355D4D6DE21F15592ACC0DC436375BA3897CA50BB23271D412783CB5667F6C4E6CDAEA7F15F8CA48751B668A6B696F9164049396C630A48F4AE0F6CE835520DA6BAADCECA928D68BA55229AEB73F28FFE0A6FFF0004637FD99B53BFD53C2371A86A5A0C903DCD93CA1648EE4A824C2AC0E56518236BFDE182A48C81F9AFE24D297C377AD15F33595C316252E6231C846704E0F6247047071C66BFA38D53E1B783F584B8FED093C41AC5E3382D35EDD99762E31B027DCE98E71D00AF8B7FE0A33FF04E2F01F893C45A5EB9E1AD32D7499C46574DBC4883340CA0F9D6B2EE077C6C32F1EE07682E3A0C1FADC0F8A58EC3350C4AE7877D9AFF0033C78F04E0EBC5FD59B84F7B5EE9AEDB687E42FDBACD7FE5B6EF7DBD68AF4EF12FFC138BE23BF88F5068FE1CDE5DC6D732159EDB568FC9986E3874C301B4F51818C11457D17FC45CC37F27E5FE473FFA8B5FF9FF00038FD52DB2CAC8DB9598907E82B264B878FF00879240F9BDEBF56FF6E9FF008232F846C743D4FC5DE05D59B4A54C4CDA34F1C974C031C0F21A35779547276B283B41CB1C64FE787C47FD94BC55E05D49ECE6B192E2658D2710A2FEF4A3A8746D870DB59183038C6082707207E959671E60716B939D465D9EE7C956E1DC66163CF283947BA573CD6DB586B56FBC474E71FCEAFD978C0A46572B8F50793EDFE7F0C565EA1A05D59C8EAD1B02ACCA430DA55BD083D0E7B1E45664B04D6C7EE32F0474E8475FCABE896654A4B4679DF53A75373B58FC58AF95DC117B803AFF008FE3FAD2DC6BF1AA1C3463760607CDFE03F9D70AB752C2486490B67B0FC47E94924F22BFF16DC704F4352F190EE63FD971B9D06A1AC06575FE1C7427193F8715CB6A89E73B6D6527B633C7EB534AD2C8BD4FB55BB2F0ACD76BE6CCAB1458CF98FC2FFF00ABDEA563A317AB3D0A14E343566269F67E6DEAABB49B58F451C9AEA34BD0CD947F303E61E40EBE5E3DFF002AE8BC19F0AB51F11C91C3A6E9F3482E48884B30DAAE7D06783F864FA738AFBBBF636FF8212FC46F8E9F64D5BC496ADE17D1667F33EDBAB23DBA3A77648C8134C4F608AA8075901C01E5E61C5785C1C1BAB3F9753A951C4E2DF2D18E9DCF8B7E107C14D73E3178CB4ED1744D3AFB52BED4E7F26086D6032C93B7048451D700E49E1572092A3247ED57FC131BFE08ADA3FECE57167E36F8910DA6A9E2C0A1ECB485612DA6944E09773802597A0C90154642AF490FD29FB1E7EC19F0EFF62CF0CADBF86EC56FB5CB88952FB5EBC863179778C9C2A8CAC3129C958D0E1782496258FB634C50FCC72DDF39EBD4E7DFAFEBD88C7E43C49C7189C7A7470FEEC3F167D3657C374E84955C43E697E08ABE39B3FEDAF036B96AC14FDA74EB88BF3858003F4FF0EF4EF066A1FDA9E0AD16E4FF00CBC58C0E7EA635CD584916E018DB9F3014F639047F5AE6FE0EDE997E16686AC7E686D8407FED9B327FECB5F07AEECFA6D99E8D68BFB9EB8E9DEA61C1EB556D5F302FD2A61C7FF5BA562683F39FE94FB6BE16CF229EB26315186CD67EA7218F56823E795CFEB5A5357958CEB7C373E5AFF8299FC5CBEF83DF09F5AD7B48BC9AC756B4F2D6C278543491CECD842A18105B3C004104F6AFC70F88823D67F6B3F0778D7C491DB7FC24BE30BC4B696E95C379F3449B503E707CDF2CC60B0DA0EDC63BD7E987FC17CF56BAD03F64DBEB9B3DC2EBFB774B1095EC44FBB7751F776EEE3B81DB35F947F193C2D69F1EFE1169B6125EC9A4EADA6A24D6F7D137EEECAF56325183FF001067DA188E40395C9E4F1E6D464E294742B27C4C615AF2E9A9FA85F037C42967E16856154919F0A58FF090704E3B74EBDF8EB9AECB53F891A2F87F598E1B8D6347B3D41625B86B37BD8E39A443D1C296DC01C8C3600CE0679AF86FF648FDAF758D67E036B11DE69FB7C7DE13B192D6FF004BB8FBE2F521668490BCB452B057571C3AE707D7C5FE2AF87B58D37F69793C03E15D3FFE13DF196B0969AB78C7C45ABDF24175AB453CA566917B4702FDD58E35658230098E6200AF82A746ACA72A7276B1FAC7D6E9CA31AD0EA7D87FB5A7EC93A5F8E64D12D34DB5B78FC33FDA27549AD1ED56F22BA999B32432A484A324995386040283D141F69F843E15D27E177C3DD374F816DB47F0F6876B1D85BB1611C3146BCAA29271C65989259999892C49AF31F839E11BAF807E15D2F4FBBBEB9D53C2B18B784F9CFB5A02FB55658BFB877100A8C29C8C00735EA3E3082CF45361235ED8DE9F9EE236BD0244B78F6E72AA46D0A412C5F92029E8781CD3AF3E470BDD1E9518C6EA4B744DACF8A3C3BAEEAF1DB6917B6B79230242A4A18B28EBB707E6C75E3FFAD5E9BFB366B137FC27B178551A274BA492FAC5D8E5ACE45219D476D92A863B48FBD1F4F9980F976FB53D5F5EFDA43E1BDCADF4363E1FD6349D5A7B0D263804734C91887CBBF9C11B9373F9AB1A0E154904EF670BECE1A6F0FDB49A859C8D6FA84244F14CBF7D1D4829F911C71DCFAD71E1653A15D493D19B66943EB7877466B5E87D7773F0F6393CA6BDBA1242A7710ADB417CF231E9EC6B52D2FB45F0F2AC86DDCC71BAEEF936A3E0F3F86335CAFC01F8A5A17C73B48ED5B50B8D37C46B19925D358A959D79CCB6E48F9D3AEE51968CE41E30C7D49BE1CC72AB6ED46F594AED64F2E32140FF0080F5EB5FA153C2BA94D4A9C9599F90D6FDC55E4A91B347E6DBF851BC29E29D621857759D9EA3736CC99FF56A92BAA9FCAB6A4F0E3DCDB19ADDB7700F5EA39E6BB2F8DFE1E8FC2FFB4778EB4A91B7635317A8FB71B9278A39B381EEE4703B1AA3A568E219408D9BCB663FF02E9C57E7D570F28569537D19FA8E1710A746335D919FA045268D2AEE66C641607F3CD7B97ECFDE2E5B2F12456ECE1A0D493C87CB7471CA37E791FF0002AF331A747347B4288DBA10462AEF868CDA34E9226576B02AE31F2B02083F8119AF432FF6987ACA7D3A9C9994618BA32A6F7E87D5679393F5AEABE1EFCBA45F1C7FCB51FC8571BA46A89AE6996D7D1E3CBBC8966FF7491C8FCF23F0AEE3C0706CF0FDD1C759BFF6515FA4D39732525D4FC96AC5C5B8BE879A78DA3FB67C54B1F9B8863771F5C81FD6BA2F85381F15A38C8F95B4ABA6C7FDB7847F8D737E2A9849F13E1C758D1C71DEB4FC392DEE81E328F56B55B67DB6525934728719DD22C9B83019ED8C62BBA7AC6DE479B195AA27D99B5E31F0AE9F79E30D42E2E214669A4CBB320249000047E18AE6FC43E1EF0DD928FB5A5BAF99C2E40DCC47A01C9AB9E23B4D73C53A8CF38BCB3B4599B3B2249158718FBDD73DFF000A7681E0B9B43B68D63B6D26791796965F35E473DCE5B279FAF6AF12AE1EB3934B63D88D6A4DDCE693C390EB5095D2F478E2819BFD6DDA84C8F65EBF9D52F891FB38E9FF00117C237DA6B48B6F35C7CF6F712C426F2240080DB463E520904020E0F06BD0AF344D42ECA7CBA70DA30479B2856FC3151C7A46B56B0DC797FD92249301199E56DBF5F96B2A9819CE1CB237A18AA74E7CD1DCF8A65FF8259EAA656FDD7C29EA7FE59DF2FE80607D28AFB53FB03563F7AEE02DDCAC8E067D86DA2BCFFEC37DD9E87F6D2EC8FE617FE09C1F1A3C4BFB39FF00C1413E18F883C6DE39D46D7C0F637EF677D7B77E7BDADAC2F148132A49F2C79846180F909CF4CD7EB67C774FD917F6C7D42EAE354F88BE07B1F135D45E7A6B1A7EA48B73239CFCCFBCFCCC08EA8C8FC9F9B9E7C87E277ED57F077C0F71A87867C51AB0FED19805096DA23DE273D3E68D187E039E4D7CEFA07C2BF82FE34F159D47FE13E9F4DD1EE0BB42D69E14BD1C039DA54C7B320923208CF7AF7B10E3BB3872DC3E2EF6A5F8B5F93675DFB46FEC55A769FA6595D780FE29F807C43B8704DED96AD19445FBB2C372AB72848EE0CA01EFC73E73E30FD9F350B3B9BCBCD0FC37F0D759B38A7F2EDED7C45A18B394275092DC593AA3F1F76411E7B646715EC167F007E0E5C3A2C3F16F4F78F6F067D20DBCDEC70C38FA73F8751DF7C33F00FC2FF8697EF3C7F15B4FBCB1B85F2E7B0940F22419246147DD65ECC3DF208C638679AE678757C1D597A33EB70BC3186AD06F1B4E9ABF5BABFDC99F9EFE2DD0B4FBDB4D47FB47E1269BE0ED534890C5A85947AB5DB4968FD54AF9998DE365C3ABA16470E3A1CD55FD967F65B87F6BCD57578343D6BC17E0B87458629AEAEFC63AB8D3E00AF2797FBBF2D1BCC2AC5770F9480E3B735FA8371FB35F873E3CF86238EFA7D2351D3EFAD81B3BDB7FDE477907382D2719CB2E368C152A7A1045791781FF00E09D569FB3FF00C44864D2666B9F0EDF6FB7D46D269034905B4A4A3E64C7CF163E6048DC8C0125B682BEC60BC42CC553E5A8FDE3E5711C1396BAF68EDFA7C8F39F06FF00C1193C3315DE35DFDA43E0AE9FB4076FECEBA9A621707EE1319C9EFF00781E457BF7C1CFF8250FEC9BE1092D6FBC53F1CAC3C5971BC6E8ECDE3B35CF279794CCE3D32A8BF9F35F26FC4CFDA9BC11E0F926B1D26DA6D16FA15255B5BB796E95886C38F2A228C58633F3EDFD79F35FF878ADADA6ACB0CDA94CD6B1FCF25D4F1DB687A7A8FF00644693DCCCC71CAA927AF4EB5D95389F35AF1F7AA59797FC008F0FE438796B16DFDFF83D4FD7AB4F871F067E19F8F74BD27E12E87E0F16C6247BAD7E7B89F50B920EF578C4ACDBB7FDD6F94AA8CF40457BB5D7ED2DE15F801E11B78FC77E3CF08E9B6F6B190B77AA5F0B269211F753F78F9255405CF24E07735FCE3FC64FF82C7F8B2E2C27D23C157526830B12AFABC5684DE37A087CD73E503FDE20B91FDDE95F3B6A3F15FC3FE30BABBD63C4579E26F137892F216592EF5F97ED997C83B91836FCF51F312307DABCC83A939FB4A92BBF5B978CAD868C3970B4EC9796E7F4CBE2EFF82EDFECC1E18BD3A7DAFC494F12EB12239B5B0D1B4CBAB96BD7009F2D2668D2DC138C02D22A8246580AF847F6DDFF00839ABC5F6DA9E8107C2CF0AEA5F0ED60FB436AA3C47636BAB4F7A3728842C487F70A8039CEE3BF78C70B93F8FF00E01F893AD786E1BDD3F41B98EEB4DD411A37D3E7906C24E70CA8DD1803D57F235278E352D42DAFED87D8E08BECD6D1C4E3CF69558F278DC32B80718048E335D778A575B9F3F35564F95BD3C8FD1493FE0E6EF8C8DA5DC6DF1A6889A82C6CD120F08C6A0C98F94119E9D2BF55FF00E096BFB4DEB7F1A3E1378466D72F3ED8FE22F00E83E25DC2311A0BDB892F52F0AAAF0034B12B6DFE1E831CD7F2CD3789AE92F9B76CF2D9BEE81B829FC79FD6BFA14FF8215FC61F0FEABFB31FC0B5D5FC49A0E8D7CDE08BFB448AF6E3C996E23B0D6A687E4CF040132E79CE5AB0956BEE6B1C3A82BA6FF33F58AC8EE857E6CF02AC0F9464FF00FAAB9FD2BE237862EE2511F893439863276DEA7F9FF0AB56BE38D26EB509A11AD680D0AAAB46CBA947BC923E60C99C8E7BE79FC2A0EA36ED486EE39ED9AADAC584F2EA504B6E91958D70D9902E393F8D60F8B52DFC4FA3C90586AD696F31185960BF44607EA1ABCFE5F869E3A47DD078B350C7418D4A323F53446A72BD0994549599E4DFF0541FD8BFE227ED69F05A4D27C1F6FE11BAD4ADF53B6BF86D359BF682DE758F7E54B856DADF3023231C57E6CF853FE082BFB547DA352B5D6F4AF050B7D4D59CCF6BE2BB791209402432A18C3E0F0814718C6403823F5ECFC3EF8971E42F89F526C8CF375135307803E27A7CCBAF6A9C7A989B07F2A9AB59D4F7598D2C3AA72E78DCFCA5D03FE086FF001EBC1DA747ACE97A9687A7F8AB4B80C5A66A965AC7988D1E037D9A749635F32D89E0DBC85F61F995918915D4F802E35DF83FADDAC3F17BE1DDCFC3FF001ADCBB69F24D2A2CD63AC989893F63BB04A4F11077888B175C9EA326BF48B50F873F13E0334D6FA95E6F756F38797103203CE58630C471C9E7A8CF35C3D9FC24F1B7C55F016A5A16B88DAC697792049226B34631B26E64923603723A6E2438E474E8483F3B98658AAAF71B525B33EB329CEBEAB2E5A91BC7FAD8F9EFC4FE2CF0EF8C7E1B5E585D18A4D36F10A323367E6DC0804FD76E0E7208E304578278CF4ED4BC35F11F4FB3B5F86BE26D67C1ED6F26ABABC961E4F93AA4AAC3C8B1B912B866B7670D24BB4367F7790433D7D2BF10BF60CD3BE1CCFE15D2AF756D4BC372EA82FE38F56D46379E3BB960B71711C5324657E52A197747F300A490E735CEEA3F0F3E22E8B6ED6BA5C9E1BBE86053E5490F8860F2651D404491164049E00217AE09AF8DAD96632854E79C2E7DF61F3EC0D6FE14ADE4F4FB8CBF84FAF6B1F163E32DD78E352D364B2BD92D458595BCEDE69B2B6018ED2FF79806793E67CCB2B3EE6DAA91A0F4AF176B50E9FE1FB7B189D5AFA7701D323F768A4B36EF7C0C1FAD78541F16BC750CFF00646D1ED6D6E616F9DA54D92407A1C2F2411CF5E7E9C574FA16853EB70A5DDEDCCEDAC2B6F57DC408CE7270BC8E703EBDEB9FEB4DE96D4F4EAD473929CB44B6B1BDE2CD566F07BA5E2CD35AC96328B949A0629247FED215C1565383C1CE3383922BD4FC09FF00052BF17787F4C5B3D5B4ED23C512429FB9BC96E25B4B8907406431FC8FD00DDB54F1C9EE7CD7C96F1C7852F2DEED596FAC5FCB9D597EF291C37D0F3FA8AE2BC1D651E9DA8CF6776E33093E5C8CDF285EA5B9C74040FA823B576E1F32C451973519591CD5729C2E355AB42FF99AB0FEDFD07C77FDB2350D03C416767A2EBD71A5C7269C2242905FA40CCAF0296625E78D487E4E5A3C9FF9675EE5671B00A6368FE6E5727E5CFB9F718E7A8AF877F68FFD91F52F8DBF0A74DF1678556F6DFC6DE17B99B53D3BEC2ED15EDDC723C72116ECBF30BA89A0865840197789A3EB20AF40FF00827CFF00C14434EFDA4DE0F0678A5ADB4BF89F6F6E654B651E5DAF8A20404B5DD903D24C2334B6BF7A32AC50140EB16AB9EA3F6DBBEA76CF2EA71C3AF60B48E8D76EDF7F7F91F61207BA8848D1AEED9C8001FF003FFD7FA549068A443B9BCB2ADC90BC6DA8F4AB80EBB4EDE7E6471F75BDF3EF5B1A7DCE5996455DFEBD73EDFE7D6BD2A328D48D9A3E2EAC674AABEC7A8FC01F154771A44DA6CF22F9962DBE319FBD1B1F9BFEF9639FA367A57ABE9BE2586C34992DC091599B3931938E3D38AF96B47BCFECAD46399555D470EB9C0914FCACA7EA0FE40558F127C34D1751B9DF6BE29D36D164C308A4D60C52264640652D90466BEA32DC5734395EE8F8ECF306E9D4E75B48F5AD67E1C49ABF8ABFB53FE122BAB7E08F2D34FF00EBBAB5ADBC3CB6CB83AF6A0D83C7FA08FF001AF9E25F84B6231FF15B68E3D3FE27E79FFC7A93FE14FC3BBE5F19E9791CFCBAF9FF00E2ABD358896C783EC62B63E96B7B78E21FF21EBA1FEF69FF00E06ADC7751C4BF36BCFF00F02D39ABE627F8357D9DD078B2DF6F7DBAF7FF006549FF000A8B5E48FE5F161C63B6BA3FF8AA6EB3EA0A3D8FA846A518FBBAF27FE0BDE95B56840FF90EDBFD4D8BF35F2D49F0A7C44A30BE2CF9BEEFFC87C7FF001551BFC2CF14636AF8BE65F42BAE8FFE2AA1D6F21F2BE87D4C75A873FF0021CB5FFC02928AF93FFE15678ABFE876B8FF00C1F0FF001A28F6DE42E53F1BFC3FF0CB5CD226996FB49D5219EE32ECCFAF2CE2D59B3B9D1BCA4601BEBC11EB5368BE05F1858379167E22D6F4D118DAA7FB444CBC9EAA4B0C8FAD7E87785BF674B1F16F8A2DD64B5455C9DCBB8631E95E8563FB1F787515D1ACA3DB18C72031FCFF000AE0963AA745A1EE2CB21CBCAE6CFCC9FF00845FE352AB4767F171961ECB73A5DADC32FA6496CD50D7FC37F1FA28373FC54D0EE3A2E0F862CFA7D7FF00AF9AFD517FD8CFC3371E5A1D3EDCAB0C9CC60D56BBFD87FC317164A3FB3ECF05B18308A9FAE54E9147453C0CA0BDCAD25F33E18FD863E3A78DFE166A975E17F8A1E21D3B56F0EEB37225D37578B4F8EC5740BA2007594444836D311B99F6FEEA4456FBAF211F75EADE10D37C43E1D934B3A879778A57176C049B88C659181E4760474DCC476C635E7EC1BE1D025F2E3B584AF4F2D02FBD4375FB29A689A1C7A65BEB1A847A75B9F321B58E62AB6E7BF964729F45207B578D8AC3CAA4B9E28F4F0F78EB39F33EECE67C51FF0004F0F01F8FD666F13683E11F164D71C9B9D5BC3D637574C3B667310938FF007B81D08AF21F16FF00C10EFE07EB3248EBF0E7C3D0B484F36F757F063E823BA007D00C75E3BD7BA47E1FF13782A368EC35FD4AE238F809780DCA9F60CD86FCCD5AB5F8A5E2CD25D7CEB1B5BC38CFEE26313FFDF2D91FF8F55C7115A9AD99B4A8D093BB47CA973FF0421F8436FA8C77567E15BEB19A260EAF69E20BD0148CF1895A5CF6EB8AC5D43FE084FF000866D4A4BBD4340F185F48DC60F8A1828E7D05B67D7BD7DA7A77ED2DA609FC9D4A0BAD367CF2B2C3D3EA467F9D757A4FC4ED1F5D40D6F796B331EC8E0E47D3AD359A3BD9BFBCCFEA3424EF63F3E352FF0082177C12B98597FE116F1B5AED191E478ACE07E0D6CC3F4359DABFFC104FE10EAEACCB71F172CFB031F89ADA4DA07B3D91E3F1AFD28FEDBB4B8CED58FAF1EE3E94EF2EDE603E551ED9FF003ED53FDA53BEE6B1CAA8763F28BC69FF0006F3F822E6CD9B41F895F10343BAE446FA969969A9A83EE637B76E7DBF235D67C24FD86BE3C7ECDF0FC36D1BC33E2AF03EB5E13F87B36ADE5DCD8BB586AF7905FC914AF1CB05E218582C9102A22909C31EA457E98CFE15B5D4773155FC78CD327F0258DC4647929D31BB6F14E5984DC1A6CA8E4F41CD3B6A78FF00823C61E3AB9B54FB55DF88619CF0EA965A64C9176C82793EDD2B63C59E2DF197883E2C68D27DA6F743D374FF000B476AD02786AC649750B9170C4DCBB3499C94C0217E507181C9AEEA4F87D67B3E586325781F27E1C375F5A87FE10C2A7724D7711550A31330DA3D073D2BCD8D69A8B8A9CB5F33BE795D27252515F723877BCF14A48DFF0013FBC42CD827FE113B5CE3FE0371FD29D1EA9E348A55C78B2E963EDBBC200FF29ABB09FC237D136E8F50BC5EFCC9BB3F9E6A0DBADD8746B1BE8C76B8B653DFD576B7EB44653EB51FE24CF0116AEA9C7EEFF807343C49E3DB39F69F17427FBBBFC112311FF7CCD59D73F117E2669E731F8D2D232C7A0F025D305FA627E6BD16C3C6905B7FC84BC291C839CBD8DF3267FE01203FFA10AD2B1F1D7C3F63B6EADF5BD2E4EE25B26751FF00028D9C57653949AFE2FDFF00F0E79B530AA3ABA17F4D4F1ABAF89BF142EA1F247C425B5693EEB2F82B504D9EBC097FAD52F0BFC53F885A06BB2431F8FAC615D4B12BCD2787F500AD220C6366FDE1994649C9E6BDE26D7BE1ACB1BF957FA94C7A0F26D66C7E6C07EB58FACF8BBC1F0DAEDB6D27C437522B060E24484823BAF26A670AB1D5571D3A549FBAE83FB8F1DF1A9F127C7BF10F842C3C4DAA783FC716369797F3C5A75F699A8DBC714874F93F7ACAEC0B10385287E52DC8E6A0BBFD956C0DB6DFF8407E1E37CDC08AE35285573D80F30F5C631DF1EA6BD463F8BBA7E89E35D0F5A5F0EDFCB1E8F0DF43F677BC463726E638A30DBB6FCA53CB24000EEDF83B76F3CFFED15FF055BF87BFB366816B7DE25F03F8B669AFA1BD96082C64B49415B48566977333215E2440A00E72791819DA14F0F53F8B52F30A183C629FB2C351F3479FFF00C2B4BAF85D2DB35AE85A6E870C8F2CA96B697771711DC8F9416FDF9254E77280B85E0F7CD7A47822F349F15C09E58F266C6486C6E5E7A7E1D39E2B8EF05FED09A6FED416FA5F89AD3ED51DBF882CADEFAD2D2E60F2268ADE5883C682305B6E1581E09CE3249CE6BA78740FB26B44C10C8CFB81326304741DB8FC7FC335F2F528A559F22D0FAEC3297B18A9BD6C6D7887498FC357B0EB16E4AC908FB35DAF07CFB76E1B23FD8FBEA7AFCB8EF5C4F8DBE1E49737CD6F1C68EAC5807F6639FC7D7EB8F7AEE35FF0FDEDEC2B0CD34720BC4F2CA468400A46393DC8CF5AE962D0C078649544CD146148C7A003F9554B0FCCECB43BA9E215157BDCC1F08F853EC5A6C76EA8B1A460205CF4C7F81FE95F9E1FF0545F00786FC0FF00B51DADC787ED63D375CBBB7B7D7B5496CE5681ADB5232BB2DDC4508682E1952191DE3DA598890E59DD9BF473E26FC4DD2FE10FC3DD6FC4DAB488BA6E8B6AF75300C14CFD92353FDE790845FF0069C57E3C7C44F88DA8FC5FF883AC789B589566D475DBA7BA988CED4DDF75147F7540007A00076A2B4B917245EA7EEDE02F09CB36CCAA63B150BD082B34D5D49BE9F23ED7FD97FF00E0ADD1CB0DB695F14AD7ECF26027FC2476306E57380035CDBA8CE4E092F08EA4622FE2AFBA3C11E2BD2BE21F86EDF5AD1352D3F56D26E388EFAC6659ADDB93C6F5E14FAAB6083C115F85504BE5BE390BD0E1B06BA9F865F17FC4FF000635EFED4F09F88357F0EDF920BCB6172D089719C075C959147A3822B4C3D5705667E95C71F46FCBF3193C4E473F6353F95FC0FD3AAFC51FB773DA7921B037609EBD0D7CE1FB75C1E28F0CEADA07883C3DACDD69B67A946FA7EA11C3A3DBDFFF00A44637C52B6F195DD1165E38FDCF626BE48F0FFF00C15ABE336996A23BABEF0C6B0D8FF5B79A1C2B21FA98BCBCFE5F957B67EC93FB6C78CBF6AEF1DD8785FC59A7F836E749D42F962945B4335ADD5ABEC668A64F9D95978752A707AE08E33DF0A9CED4136AE7F3FF00107809C4795E12A63B15184E14D5DD9DF45DAE91C05CFC59F1E411AE35ABEFF69DFC1F6EDF8607AD35BE34FC4131B49FDB103ED3B7371E0F501B1EC0F6AFB9E6F819A4C643476AABC0638723071DBB54B67F0574BDD85B3C95F56CF5EB5DF1C9B177D6A3FBCFE7D966980B7F097DC7C1975FB54F8E747B791DAF7C3F74CB92049E0D9464F7CED39ACBF1B7ED9FE3CD0BC43750E9F078127B38963D8F73E16BD0CCC6342FC871C6F2703D057E81DD7ECF3A3DE861269FF7B9255B6E6A09FF0066BF0EDD4AEF369EF319319CB11D38EDD2BBA395E313F76A339659865F2DE9FE07E7443FF0508F1DDA46CCF69F0EE26DC063FB0AF578C8EC64FA535BFE0A45E39780AC163F0FD8E71CE8D7AA3DFF00E5A57E8827EC9DE137977B6876ED81C074DF83D8F3FCE8BAFD933C292292BA25BC6C0F055368E7F0AD2581C7DACAA2FBBFE019C719975F5A5FD7DE7E778FF8285FC4C71B868FF0DC86E41FEC8BCFFE39457E811FD947C32A71FD9D67FF007E28ACFF00B3F32FF9FABFAF915F5BCB3FE7D7F5F79E85F0FBC111E99AB447CB50C0E41E3FC6BD0D749B72641B769C0CF7E6B9ED1268FF00B563DB132FB935D35ACAAE65F94FE35DB18D958E794AEEE8B1168F109632369F94F38C7A5490E8CA228F0ABFEB3D69D122B4A3EF0F9327D2AC5BAC7B63DC5BEF718ED55CA8A53647FD871B89FE51838E78F4A90F85ADA69635655FBA7B7D2AC2C7B6390E4B76FD2AC45FEB57E651853D47D29AA68AF68CE7AF3E1B69F7B6CFBD3773ED5522F831A40BEDCD6F11CAF271D7A575F12E611F329C9A9597171FC3D31CD1ECD341ED5A3E77F15FC01B2D6FE21CF1C7F6786346230AB9FD2ABEAFFB1969B3EE62D6CF26787680061F88E7F5AF56D34A4BE3DB825232DBCE4E7DEBB56895C7DD41F43531C2C64AD25A132C5493D19F2BEA7FB295D69F0B7D8FC45AA58AA8C81148645FC9F358571F0A7C65A15E08EDFC5905D2ED042DE580503D398E41FCABEBE9AD6368D94EDFF3F8D64DEF87ADAE2ED599773631C573D4C9E84BA5BD0A8E63563F68F99E2F0BFC49B5B3678D7C2779E5AE46CBE96DF701FEF4640EFDFBD4D2F87FE315AD9AC9FF00080FF697983620D375BB4B86390482416570BEA71C71C57D15E21D3E1B4D12E156066CAE3031CE7F0ADCD2ADA38A2857ECFF002ED18047B0EB5CB3E1FA5256849AF9FF0099D14F3CAD0778EA7C73E0BF8C1A946B35B6B9A5C9A5EA96772D6B776ECFBBC99178DA780430EEAC01EF8239AEF349F1347AB26E53BB701C67F4AF6EF8B1FB39F84FE334BF6BD52C6E2D35858D624D5F4E9FECD78157EE2B9C149957B0955B006060578978D3F65CF1D7C32124FA2CB1F8DB4B04E56DE116FAA20EBCDB962B2F4CFEE9C9FF006076F12B6598AC3BBFC48F7F0D9E50ACB95BE565F6B852DF786DC76EDED55EED9663B86DE3A66BCEF4EF8BF6D71A8496AECD05E5A9DB3DBCEA629ADDBA10E8C0329CE38602B72C3C63E7B7CCCBB49E2B9D574B43D7A724D6F73799571F755B939238A8BFB3ADAEB1B9376E3D4E38FA5456DA9F9BB597F88771FE79A86EEE7327CABFB9E983D07F87E356E57D4B5BD90EBEF0C5BA92E8BB5CAE41E73C540F630DBDBAB4EBF2BFDE38E01F7F5A86E3529D4308D955BA0C9A5812EAF98C522E51B8DA7957F6C77CE7A7BFE7CD2936F445CD4611E66175E16867B6675DBB54618FA1F43D3F5AF807FE0B67E0C9B4EF09F837522ADF658B4DF145A480FDD12B59D932F19EBB51FA0EDD7D7EEB37B3781278E2B877B9D2E46CC3393BBECD9EB139EA318CAB1EA0E0F239F99BFE0B1D656BE2EFD92ECEDA3B8896EEFB55FB3DAEF3B573259DCA3120678194CE738E31D6AE35B926B9B467BFC2B4678BCC2952A0B9A4F9AC975F759ED5FB357852C74BFD9E7E1FB68F0AD9E9D73E16D26485221B7E56B081806380C48CE48619C9E40AF48D0B4A92DD5178DAB9CE31D0FAF4E7E9C57CBBFF0004F6FDAEFC15A1FEC8FF000E7C2FE2AF14691A07897C31A1C3A35E5A5ECD8D86D99E1888902F944342B1370491BB04E4357D59E0BF15691E35B5FB4687AB69BAC4530003595E4572AC3BFDC26BAAD1736D3EA70E3323CD3071FF006BA1387AC5AFCD1B9A4C51C636EC55993380C39200EDF860D59D63CB48643C2AE3E619E9D39FAD4434996D5FCC92DAF3EF646216E09C7438AF9ABF6DDFF8281693FB3EE9B7BA0E8B711EA1E34921291C487F75A333021659FAE641C32C406E3C17DAA406AA9529C22E5263C8F86F31CE31B0C1E0E9B949BF92F37E87CF1FF054BFDA73FE134F185BFC38D2EE1A4B1D065175AD14932B2DF6084849EA4428C41FF6DDC75406BE4C51E50F98FF004A719A4B99E6B89249A69AE1DA59A599CB4B33B1C97727AB124927D4D41725A46FE95E04AA734B98FF0048382385A8F0F6514B034774AEFCDF5771EB71B8FE353C726EAA280AD5C8393574E4DC8FB2A327B32F59B00DF357AC7EC9DE37BFF875F156CB52B12BFBB95264665F97CD88F98833EFB5971DC31AF27B54DE463B75AEEBE11EAB269FA848AA556580A5CC64807E68CEE031EF5EC61DD95CE7CFB031C665B570D357528B4FE68FDACB0D2135A8E3BCB5919AD6F214B98581CA94750EA47E0D5D1785FC28FBDB7374F6AF34FD8E7C531F8B3F67FF000D5C6E693ECD67F63E47F0C64EC1F846507E55F43FC30D163D4E0BA668F705902F4E9C57E8185929D28D4EE8FF0016B89F2F9E5F9AD7C14B4709C97E3FE4629F09E635F99BFEF9A8FF00E11B6036966FC23AF568BC35005FF8F7CFE03FC69AFE1D80B60C1F863A569ED0F17D9B3C867F0AEF3B486FFBE4D57FF8449A23B948FC457B237856D5BFE58F3F4A865F07DA904F96DED806ABDA09D391E37FF089B7FCF487FEF93457AE1F065AE7EE3D147B417B391F39E89AC2FDAD5B6B11FF005D0715D5595D19B7ED0E7DB835E73A05D48265DCE036704707FCF6AEBB4DB96784FEF17AF3C7F857951D4F7654DAD8EB2195B3F75BEEE3EE5491CAAC23FBCBCF4DB58315D94F98E78E982466AF457C085FE13F535AA461CC6B24FF0023F5EBEF56A3BA51203BB242E3A5634576190FEF1579EA4D598AF82B37CCA78ECD54A371731A915E9685576A9E739A93ED599D880BC0F5ACD8AF70A33BBF06CE29CD7A0162BE9E99A394973307C329F68F165D48D0B0F98FCC4D76AA01ECDD3FBD5C968724C750918A47B777503AD7402E588F99540F618AD23A6844A4CD00A00E8DF4241A8DE200E76B11F4E95584FB57FC4D235DE3A6DFFBF9544328EBEBE71B78F320F31C741D715A90FEEE55DAF27E358F7B7265D4215FBDB49FE3CD6A5A9CB8E17FEFAA3533D7A1B11CB9519665F438EB412ACC73E9DBB5471B36DEDE9C1A4666FE1E7F1142BEC1A75307E257C25F0BFC5EB658FC4FA0E9BAD344BB629E642B7700FF00A673A6D957F0703D8D78C78B3F605FB1C325C782BC5F79607395B0D7E3FB75BE7B017116C997D8BA48457D05E73A7B7D39AB02764B0639F7E95CF532CC3D6F8E2AFF0071D54B33C4D0D69CD9F0BF8974FF001D7C2CBB921D67C2F7D771C479BBD1DC6A56EE3FBDFBB1E6AFFC0901AC7B1F8FFA3DF5E0824BC860B8C7304C7CB994FA14701BF315F55F8A904BE27DC5B6B763B49EF5DF784FC09A4F8C7416875AB1D2B5B818FF00ABD4AC62BC5FCA556AF1ABF0DF4A336BC9D8F6B0FC5528FF001637F43E2EB5F16DBB488CADBD64E87F847D0F7A87C45E2CD6118369E6DCAA9C157271CFAD7D83ABFEC35F0975C919DBC0BA0D94CC725F4C69F4D63FF7E6455FCD6B0350FF00826AFC3FD5AE15ECF53F1C68D8E9F66D6C4E173FECCF13E71EE6BCCABC3D8B8EB1B7DE7B50E28C1D5569C5A3C0FC15E268BC6FA6B4777124770ADF3447195CF0C08E9D413F8E3B0AF847FE0A733DCE95E20F0BE8BE64834F46BBBB8A06E90B1F2530A7B800679E9BABF46BE24FEC2DAD7C2BF1B69F67E11D6AF3C592EA1637BA9A5ADF430DADE2C76B25A46EB13C7F24AEDF6B52A8CA87F76FF312556BE0BFF829DE8075DF07E8BAF25ACD0CDA3EA32585DC72446392DCC830448A7E6460D1282ADC82C01C579F8AC3CE9B51AD1B33F52F0471F865C5B869A9A69B6BD19F1AB58ABFDE1B947AD431E9CB6532CB1493C2CBCA985F630FA11C8AD28E2FDDFE3D3D2A19BE427A1EF5856A7CA8FF004B6A65B87AD0BD48277F245983C7BE23B5056D75DD7E11B7019B549CE07D3760FE558B33B3DDB4D348F7574EC59E5762CCC4F24FE249E6A691DE7E1BE55A89D9613B631BABCAA9793F7D9E751CA30787973E1E9A8BEE958774183903D29A594D35DF07E6FC81A09D83E62BD381E94295B447A0A4B60A9A29141FC6B3E6BA58C7B5323BD1BBEF62B48CECCE778A8C65637ED26DB271EB5D8782A786CB5182E9DB6E095CE7807D1BD9BA67B1C579EDBEA4A98F9B9F6ADCD36FBCD830DFFEBAF63055134E323D3A75A1560E9AEA7EB37FC12D7C62BAAFC1FD5B4B67F9B4DB88E545CF4475DBF9FCA80D7DCFF0750C9A4DC36721A6CFE82BF2BBFE08F7F11D93C6FA968ACD137DB34D3BB1F7818C06191D8FEEFF001E4D7EAB7C1F882682DF337CCE71EFDABEF327A8E58449F43FC98FA42647FD99C6F898ADA7697DE77091B28FD3AD35DD54FCD22A963800B8E6A68B8FE21EDC5723AAFC13D1E5BEB9BCD2E7D4BC3B7D75234D34DA75C6C8E772492D242E1A3727A9F94649CE7BD7424AFA9F8D55F68A37A6AEFCCE90DC2A8FF5A83EAD4D79C15FF5CBF4DD5C4DD69BE35F0AEE6F2749F185AAFF00CF1C69B7C7FE00E5A176F60C99F41556DBE34E869771D8EA4B79E1DD49F03EC9ACDB9B39189E8159BE47F41B09CD6D182E87975331AB4F49C2C7707508C7FCBC2FE74567A9691432C7332B0C82A80823D8D155ECCC3FB6A5D8F90FE1A69DAF37C3CD32FF00C5DA1EA1E1DF12C906EBFD22C631A95BDA4A091E5A4E1944830010DB41F988AD4D43E2241A0B2AFF0061F8C6E1587DE4F0F5C1DBF903EF5EB9A57C40F0FEAABFE8FAFE91707A802F154B7E0C456C58EA5637C592236327AED9E227F439A28C70EBECDFE67BD5A58893DDAF91F36EA1FB5AF86FC38E45EE8FE368195B615FF846EEC1503BF2A38A87FE1BC7E1ADACFB6F350F1058347D4DC68176A07E210D7D59FD8ECF1736F232FA22920F7FF26A9DD786ADE7DBE6DA860BD7729E7F335B4FEAED7BB0B3F534A6D475A9767CE7A5FEDC9F097560A89E3AD3612DDAE2D6EA139F7DD1605751A3FED0BE01D6C7FA278DFC2F3E78DA75058CFE4C057A86A7F0D7C3FA926CBAD1F4EB8461CAC902B0FD41AC0D6FF65FF87DE29800D43C23A0DE203D1AC93823A76ED5C71A7AE83AD529B5EE5EE66E9BF117C3BAB7FC7AF893C3375B7A88F55B662BF5F9F3F9D6FE9B1FF6B43BED9A1BC8E4E15A0916457FA15241AF3CF167FC136BE07F8EA291753F875E1BB856043809247907FEB9B262BCF3C5DFF043EFD9BBC5B1450CDE05BDB7B78798E1B1F116A76B127B845B80B9E7AE2B68D3875BFF005F3392556A297BA97CFF00E199F4658F872FAD9B77F66DF2AB1EA2DE4C1FD2ACB09203F3C6C8738F9815FE75F2747FF042CF83DA37FC8B7AF7C62F08142481A3FC42D4A2507FE06CFCF6E318A745FF00048FD63C3D2EFF000FFED4DFB55E86011B51FC6C3508D40E9C4D11E07D79A854D6DAFF005F33494ECB45F89F56FDA549DBBF9EB8F3052B4994F94B7B7239AF99E0FD82FE3E6896E23D37F6C4F8A527F73FB57C3FA6DE31F4CEE03776FAD559FF0065CFDB0B486FF41FDA7BC19AA6DCFEEF5AF8656677FD4C6D9E7DA9F23447B67B389F4B070D7AD90DF2F5F6AD4B7C02BC30E719DBD0D7CB7E14F007ED97E19F18696DAC78B7F67FF14F87D6EA3FED48EDFC317DA6DF496FBBF79E432B98C4BB73B770DB9EBC57AF782F5BF89965A547FF00093683A0B6A0B9F34E9693792C01382BBA427918E0F7CD4C969FF00A8D4573D50329006791CF4EB4B90A4FCCB5C78F88D7F65A4DFCB71A16A8D3DADB99A0B782372D7B20C623527E5527D5881EF58CDFB43DCDA5B21B8F04F8BA3665C945B7076FE39C7B75ED428B5A9A465CCF9523D2437D3F3A9A497164DF4E80D7951FDA7ACE01FBEF0AF8C210DC926D616C7E1E6035A9A67ED2BA06A76DB5B4DF145A6EE33369636FE61CD651C5518BF7A6BEF2E783ACE37517F711EA16DE7788092ADEBF7ABD53E1DC7B349C7CCBDC77AF189BC7FA75D6B3E70BE9163E7031B7F31D6BD2BC0DF193C1F6360B1DC789347B79B80567B8F2D87E7815AC7114A5AC648E574271F891E88235C72DFA559B28D411B7358763F107C39A9AEEB5F1068970ADDD3508981FFC7AB6F4DD4AD2F02F95796537FD73B846FE469D495CD291CBF88C67F68BF08AB2E47FC22DE20CE7FEBEF461E87FFAF5E7FF00B6CFEC2FE13FDB2FE1A6B9A66A51FF0064F88352B4F260D6ED63CCC8E98688CE99027447546018870A08575C9AF45D6EDE46FDA1FC2F26D3E5AF8535B1BFB65AF748E3F207F2AEB1D770C9DADF5AE6A9469D55CB515D1DD95E3F1381C4C31586938CA2EE9AEE8FE6D7F682F82DAB7C08F88175E1BD7B4FFECAD674C66B7BDB256F3162903901C3FF0012CA31221C0DD1BC6D8C9C0F37BD88AB1AFD8AFF0082F2FECCD67E20F8236FF1234ED3EDE1D4F47B98ECF59B98611E64F6AC1960691860BF97315519CED59DF040E07E3CDCBEE01BB630075FC8D7C4E67847464E27FAD1E0B71F478AF8669E2EA69563EECD79AEBF3DCCD954B7DEE9513B2C69FDD07B7AD3EF2F561DD938C565CDADC68CDB53CE93DF8515F335343F43C56269525665D669086DBFBB0BD59FB567DD6AF0C45BCA5FB44807CCE7855ACAD635DCB7FA44A6463C8897851F9557B6D3AFB5F936ED16B02F3C0E9FE7358B958F97C46713AB2F65878B93FBFF00E184D53C412349B7CC69243D368E0546AF7DD6605338C66BA15B1D3FC216864D8249986177FCCCDFE1546CF4FB8F104E6E25CECFE1145FB1C52C1621CD4672BCDF45D3D596745864254B1ED5D4692C50AD635AC02D8818C56DD980A83F0CF35EA60534CFB3CAE8FB356EC7D4BFF04B2F1CC7E16FDACBC3F6330558F5793ECEAC7825B0414CF7CA3B7E38AFDBBF85F96D1A329F2AF0738E493EB5FCF9FECDBAF6ADE14F8A3E1BD6743B7B6D4754D23524BB4D3A4B816ED7DB0ACBE5AC8788D9B66D0C41009E411915FD06FC3C8BECBA72C7E5F92C0FCC9904C67BA12382474C8E0E335FA06473FDDCA3E68FE00FA60658A9F10E1B190DA7069FC99DAC3B80FEF53CC993DAA1858EDA19CFA2D7A47F24C761F9C8DDEBC115535BD36DB5CD2E5B3BDB5B7BFB39461ADA7884D1B8EC3630DA6A7C93C0C545707727439EDCE0669EDA84A317BA3E13F89FFF000523FD87FE10FC4BF11784FC45AA8B2F10785F53B9D2353B7816E56282EADE568A54401F0143A30007181456DFC5BF017ECD77FF00157C4D71AFFECFB75AF6BB36AD7526A3A98D3D586A37266732CF9FB52E77BEE6FBABF7BA0E9453F6872FD4E3D91F9456BA6FC2CD3236FB2FC40F8CDE1F54E8D8B9900F7DAB386F41F77B1F5ADBB0F11E8AED1FFC23FF00B5578934D723223D6279571D472B3458C7B6E35F75C9FB2C68B7117FC7F23B6EE3CE857F41B7F4CD67EA5FB1CE8B7CE7759E8F761B8224B48C6E1F43F8FE95F9F4B27C543585FEF7FE67EA8B37C3495A697DDFF00F98BC33AAFC685455F0EFED3FF0F6F777CCAD7F75041B801903E453CFD45747A37C61FDAD34A0CB6FF15FE1DEAC63390B16A711DDE98C4EB83EBD7AD7AA6B9FF04F9F0C6A12C924FE13F0A5D962067FB357247B95C7F2AE72FBFE09BBE0C83F7CBE01D054E3FE594B35BFE19DDFCBFA564F0D9A423EECE457D6B2E9BBCA08A163FB58FED91A343B8C9E1FD5583758B523C8EFC79AF521FF0082997ED61E173FE9DF0FED6F8AE15D5671C9E7B988E09ACFD53FE09F9A1A22C36BE1ED5F4D0C005167ADB31E338FBE0F1C9AE76F3F605960F316DB52F1B582B023625E2B2E3E81304FE3F9572FB7CEA1F699D4A9E4D53782FC0EE23FF82CF7C74D1235FED2F84FF68653F304B8B7661F50D0A9FD7BD68E95FF0005EDF16DAFCDAB7C18D60229C7FA3C2A707D4E255F7EC2BCA1FF00646F1868F02C76BE36F1BDB4518E51A3322E3B648C1F5FF271591AD7ECFF00F12ACDBFD0FE205DB305E7ED167D3F06523AFA8A959CE790DF5F903CA3249F4FC4FA1F4FFF008385F454B8116A7F0CFC4967B0E189B6995871E81A4AE8F4BFF8386BE13B48A350D1F56D39C63994CB1283DF9309C7E35F1ADDFC3AF8D16CE560F1268977B06CDB716E791EC232B8FD4F3D45735AAF843E305C4E56EB49F03EA9BB905557939C72CF13907DCE7F535D51E22CDA3F124FF0FD0E5970FE532DAE7E90E85FF05E2FD9FF00554569359BAB2933CAB4D01E7FE04CBC7B9EB8AED3C3BFF0584F807E2458FECFE33319623E4D9139E9E89231AFC90BEF875E3A8B73DD7C2FF0ADF27276AB2307CF071B367D7A75CD73BA87C30632B36A3F052375908DCB0C9B4363B82564FF003F8E7B21C578C5F1D35F9FF91CF2E15CBE5F0CDA3F72349FF82857C1DF11227D9FC7562AB236019ADE6507F1D857BD747A77ED4FF0DB5901ADFC6DE1F7DDD375CF943DFEF015F80977E01F02D9CAC2F3E1478E3496C1DCD0426E15476DA629213C7AECEF5269DE0BF87765F34375F13BC3E63C1718BF879ED90C8E3D3BF27E95B2E32A91D674BEE5FF000598CB8370EFE0ABF79FD0969FF18FC27AD2A9B3F14F86EE15871B35481B3F86EADDB29EDF5621A096CEE037410B2B9FFC749AFE756EB49F0DC737FA37C6CF1369F95CB25F4931E47186DCABC7D79FAD6A69725E41201A4FC7BD0E767E07DAE7850F4E84B73F8E411551E3682579D37FD7C8C25C12EFEE555F71FD0CDC6899FF005B6785CF0C63E0FE9D2B36EFC2DA6CCCDE6D8D9B1CF01A30727F2AFC32D3BE22FC62F0FCFE6787FE31786EE3A1548F5EF2F77A01B67C9C76279F6AEAB46FDADBF6B8F0D05163E2A8F5487A868F5799C3FB02643B8FB7719AE8A5C698296F16BE4615382F16BE19A7F33F646EFE1CE817C3F79A5E9EDBBA661519FD2B2AFF00E067856E8B17D1ACB1DC84E3F315F94EBFF0538FDAD3C31859B489B54DA3E625E29071CF492DC93FF7D73D6B4F44FF0082DCFED03A291FDB1F0E56E79DBB869F04858FD17CAAEE871565D3D1BB7AD8E49709E610DB5F467E9FDBFC1AD1EC23DB6CB25AA0070B130DBF91C8ABBA578366F0F4DE669FAA4D6D26D00B1B4B67C83D4731E6BF3474FF00F8382FC69A3DC84D63E164CAABC1274AB885BFF1DBA6F7ED5D2691FF00071CF852154FED2F02CD6654738B8B88D71DB836F21E9C7535D94F3ECBDEB19AFC4E4ADC3998ADE0DFCD1FA15E1ED3F58F0978AFFB6A0D4A1D42FA3B29AC116EED8796B1CB2C5239C45B32C4C28371E8011DEBA07F8C7E2CB7C6ED3FC3F31518CACB730E7FF1E615F01F863FE0E17F83DE2198477DA55D583671F2EA91AEDFFBF9147FD2BBCF0AFF00C16B3E03F8A2555FED8D5ACFD72F6337FE81725BF4AECFED4C34F5E74703C971705FC367D5DE3AF1A5D7C4AF056ABE1AF10F83F4FD5F48D7ACE5B0BD806A8CAB2C32A9560498B3DF208208201072057E16FEDD1FB20F89BF636F899796BA958DFC9E15BFB863A1EB3205923BF848DC8AEEBF28B855E1D30A72A5802A558FEB1787FF00E0A61F0475E87747E2B9633B81024D2EE5891D77663471FAE2BC67FE0A81FB57F867C67FB3868B6FE0DD4B4BF13D9DD788D3FB65A6D21AEEDEDADA1B59598324B096562D2C6C5E350EA81C065CB67CBCE7EAB5A83929ABADACCFDDBC01E28CFF0026CFA39760E9B74EBB4A49DD256FB5E4D1F8F7AA6B9B6363BB81C567B303199AF2EBECB6FF00DD41F330F6ADCF8ADF0EE3D4F5B79B4CD6ACECE296569556D6D24311DCC4958F70055467007618E735951FC33B71244B757934AB00F921488C609FEF33B739EC7E5C702BF3BA918F567F79E29E6D5AB3A7EC5D95ACF9959DFAEF7D3D09F40B98E7466B1861B78F38532032492E7FCF41FAD5A9F5B3A68F2A35FB55E1390AA7E58BDC9EE47A7BD433594687C984AC10E369452599FEADD71F4C7D2A4B5B18E0748614F9A4E1428E5FE83AFE35E7CAC99EB6169D7A70F66AD17D5FF92D8AFA5F87E4D575033DDC864E773718C7B0ADEBCB95D3E2586351E763013A607BD51B8D6469EA2D6D5964B85EBB79584FD7B91F954DA3D9B93B9BE763F3331EA4FAD551BB773D8C1C69C7F7387D5BDE5FF0475ADAC8877C877363A0E82B534A958ED049C553965F31F0BD3BE2AF592EC5F97AD7B185D19ED6169A8BB4765BF99ECDFB2C69316ABF11BC316F22FEFEE352296FB793978CA7F2CFE35FD02784D8448E761453236094232031AFE7AFF66DD757C03F197E1D7892E1BFD074AF1259CB76146ECC5F6CB78A543E9F24C48F727D6BF7CC7883C43A15ECB0DBEB92ECB777894496D0C8A42B11D4A03DBD6BEF3215752B791FC05F4C09B79CE0E2B6E47F7DF63D2E2388F3CFD6832AEEFBDF4AF3C8FE287899064DD6973719CBE9C3247FC05C54B17C5FF106EF9EC7C3F37FDB29633FA39AF63D9B3F8F954477DBF1F7B77E54C9A5D83EF6DFA9AE263F8CF7DB8897C39A5C83B98AF5D49FCE33FCEAC2FC62F9D7CCF0D5C20FFA65A8A9C7D3283F9D351920F688BD77E07D36F6EA49A4B74692672EC4C5D493934563CBF1503CACCBA4EAE8A492ABF6BB6F947A7DC3FCCFD4D1556911CD13E50B6D58E5407B4914F1FEB318FAE7815A7A75F6F4DC218DC67FE59CA1BF90AE12C35B91C057BA65DDFDE446E3F2ADBD3DC119592150DFF4C941FD2BCF8D99EFD4A3283B33AD1280BB8D9CCB9EEA79FE7525BDE06C7CB7383D08EE3DEB134E5F3C6E468DFB0650467F335A89A44ECAACBF32FA6F27FA53E5463CCD1651AD778FB8A58E7FD5B2F3EFD69B2E9D67749FBCFB2E3A7DCDA7F322A4B4D1A53C792BF29E8645AB96FA2B0FBD0C8B9EB839A3D8A61F5868C397C3369229DB34280E38DC33C7D08AAB3F8256684A798B32B7CDB5995BF4FF003F5AEADBC3EA41C93F464CE3F4A493C311B7DEF25BB633B0D4FD5E3B7E857D667BA381BBF8610EEDDF61B59493CB3C41B3FD7F23593AA7C1CD3AF5F2DA3E9E1B3DA3DBBBFCFD6BD663F09E0FEED36FD27A56F094EBF77ED8A3D410E3F5ACDE169BDD7E057D6AA77FC4F0CBAFD9B74F673247A6DBEEC9FBAEDC0FCFF9567CFF00B355B412798B69711C9D46D7639C7E95EFF268D2C07E6BA9C63B3C4A4544FA54CC72268987BC5FE18AC6580A2F4715F71B4730AF1D9FE27CE3AEFECF303C207997CBB7040661C91DBE9EC6B95BEFD99D9E5DF0CB33618E416078F6E73C8AFAB2E3476DDCF927D7E565AAB2E84D2FFCBB42EBEC48CFE79AC6593E1E5B2358E71593BB67C9FABFECD37372B868229131B543C62403D07CC49E2B02E3F64AB2BD1E5DC697A1CF2372DBECB69E3A7F0F15F6747E0F858AB359DC3647447C0FD1BA7E14E8FC2F6F6DF2FD9678C67B2F4FE64D72CB21A5D11D11CFAA1F09EB9FB09697731348746D2FEE05FDD3B2AFE39FF0C735CADEFEC0DA35CAFEEFC3AD1EE18668086C7A631B8FF2AFD0EB8F0569F76DB9BE6663C7990FF4DA3F9D67DD7C36D39A66F9A159338CE76B0FC4B03FAD60F8769F63A63C4151753F3BE5FD8CA1D193E5B8F1769AB19C2882F648769E9C2A119ED50FFC33F6B56C3FD0FE20F8FAD5541F965BB9DC0F4C6EDC0F415FA1579F062D750E63937F5072D9FA11F37F8D67DDFECF26581176B4C3B04638CFD3F3EB584B87237D0D9710CBB9F03DB7C1FF001D0F96D7E245EC8541056F34F87E607EF7FCB31D7F5F6ACDF107C2CF1D85315CEB1E0FD4BCC0406BAD3A2901F63B90F27F0AFBEF50FD9B2401945912D20EB2A9207E7FFD6AA93FECF17BE5158EC2C630BC02898F4E71FF00D7AC65C3726EEBF2368F112B59BFC4FCE2BFF847AECFA934571E17F873A8484EC50D686DC907D7CB9547D3005501FB3E5B6A13AAEA1F0D7C12A7E6CBDBEA57239E854A849BF223EB9E95FA313FECE9AA4D232A69BF687233C209071EA7AFEB5CEF8BBE08C7E04F0EEA9AE78807F62E8FA3DACB7F797970BE5C36504685DE57760D85555278FC89E092C8EA25A2FC0D239E42EBDE3E051FB23786F51BB5B78FE196B0B792B308C69BABA34781CEE3E6416ECAA3A96DD81D491DBB9D7F51F06F803E1B43E10B56BAD1B4DD245D5A5A46BBE777CDC48925C4AD9DCCF2B212E49230768E00C7ACF8AFE247C3CBFF0082975E21F0DEAB6FAF697E22B5B8D38EA76B1B8736F26E865DA244570A8DF3302837328EA1457CABA9FC415B6D38DAEB9A2FF6C5C2CEE915E0BA6B7C4FD5CEF20860D90E1B8DC1813F3139F2EA51F60DC5BD7B3B9FDA5E06708FB2C2FF006C6313BCEDCB64B45E57FC4E7F576B6B198B4775A7FD995FF759946D6E8723A1EE7EFAEE03037362B0F5DBBBCD4A19163D5ACEDA193AED42C7F3C55CD73596792477F0CAA862488D641211E9F3724D70DAD6B979AB5C95B5B15B387BA6ECE3F4AF2EA4E0B67F99FD1999660A14BD93BB4FA2524FEF1F2FD974825AE3589AEB6FFCB2820F2F77FC08FF0081A6586A926AA2458636D3ED24E1F6E5E4947BB9E47D060557834A9B3FBC8EDE7F5F9D8115ABA76933CC1B65BAAA9E33B8ED1F99AE794A27CDE170B56B4D28A6A3DB5D7E6EEFF12E69B68B6EAB1C4B8F41B718AB5AA5FAE9F0AC31E3CE9073EB8AAF7FA843E1987E62B2DEC83E54F43DB3E83F53C567D9413DECAD3C927CEE72491C9AD60CFA28E21525F57A097375B745FE66C5A93B47F875AD4B051BD6B1EDD0C781BB3CF7AD9D19775EC4AC768660A4FA735E9E1E5692B9ED60E56573D1FE1FEB7A678160BAB8F130793C2763269FAA6A0B1B6C92E215BEB56D913E0ED6720C6588207048E315FA23A6FF00C1C35F05FC4177235E693AF58C9248CE520D4AC2E361624F01DE32476E83EA79AFCF3F862F35E6ABA8784E65D19754B5494D9BEA51ABDBB4670F2A32B0656FBAACBC1C12C47515AFAA7C16D46F21DD27867E1C6A11C9D3C80B132F4EC2450A7D4F41CF4CD7A8B34C461AA354629A3F85FE92985C3E3B3FA6B14DA518E96F33F4ABC3DFF05B3F80BABC7E62EA9E24857807FE2590DD04CFF7BCAB97C73E82BB6D07FE0A93F01F5E8D5878DBEC6CC7817BA15F424F5C91B626040C57E40DFF00ECF364C1D6FBE17F86E57C6EFF0045BE5F97D3EF07EBF9FA562C1FB32F855A4DB2781757D3F6FCCAD632F9AC0F04E0EE8F807E99AE8FF5AB1508DE50BFF5EA7F364B84F032F866D7F5E87EDBE8FF00B7C7C13D6198C3F15BC0E32768FB45EC969CF5FF0096B1A8E05747A2FED37F0D7C57B5F4EF889E03BCDC405F23C4566724F41CC80F35F84B77FB3EF866D5A3863D43C65A76EE32F7B35B60FD37C831923BFD78AAA7E0069A199A1F1FF8AAD5B248F3A65BAE3B6EDC067078F623AD690E3195B5A6FF00AF4B912E0BA4FE1ADFD7E07F412BE3EF0F3A86FEDCD0FE6E7FE42D6BFF00C728AFE7CBFE19E6CFF8BE20EA6CDDCFF6747C9FCE8A3FD745FF003EBF3FFE448FF525FF00CFDFC3FE09FAB1E1F82C63605669A3E98F2E4978FCC63FFD75D76956F6EC9FEB59B9CE4B2B7F4CD703A0DA5C5BC4BBBED50EE00AB1463F9E4FEB5D568CBB867ED0F96383B8839FCD6BE8E99E762A4DBBB3B0B64557F95F777E36FF004AD6B2760064AEDCE4874C67F1CD737A7C12E30B206E7B47FF00D715BB6515C468BF2FE3861FC8D6F13CBA96EA6E5AC4360DB1C3B7B0C93FCF3576289F395861F4E1CAFF008563D95FBC2A372A9FAB63F98AD386F72BF736B7FB2CB576EA733E5B96C5AC8CD9FB2CDEBF2BE7FAD48B080798A607BF078FD2A282E42FDEF30FA6073FA55CB4D495FEEC8BC75051B229DC99463DC896DA3390A31FEF0C5491E9CBD8460F72BC1FCEAE2EABB3E51247EE09348F2472FF000A6E3F4345EE351B6C403475EDB90FA8350C96724528D9337E3CFF003AB861DCFF00EAD7DF68EBFAD579A36127DD917FE04DFF00D7AA5625B63922987DE68C9EA0B440FF004A3FB3F7B9668ED5DB1DD08CFE5522161CEE917B75AB105C483F8DBD83629A4913CC571A5AEDF96CEDFE8B9A46D2D49C35BB29EC165E9F8102B4E3964039109CF723028FB4E78D8A0FFB2C7AFE54B940C4B8D0E3DF831C840F5DADFD6A95DE890AA33347B73FF4CCFF004AE9BED831F71F3DF0D9FE755751D41442DFBB987A67040AA5126EBA9C9B69F6A92855186FF731FD2B434EF0C25EB6E5F27AF036FF00F5AA99BA93FB4F26391D41C83E5F435E85E1696292C9449F2B138099DACC7A7008ADA9C2EF6339D44968CCDD3BE1DBBAEE578FA64A8739FE75AF61F0D19C9F3635E0F52E47F5AE33F696FDAF3E13FEC71E1F92FBE2778DBC3BE146488CD169D712ACDAB5F01C8582C9099E466238F902FAB01CD7E54FED3FFF000757B5C781358D2BE14FC2F9BC2FAF5D33C561E20D6F5B8352FB0447A4C2CA384466E719215E47890E09F37A56D1A6EFB7DE73BA9A5933F5CBC67A558FC2FD2AEBC45A95E58693A5E9EA05DDDDFDDC76565026D766964B89595136ED1C120E1B3F5FC6BFF82D6FFC171340F88FE1B8BE1FFC09F1A789A4D1EE22D4B4AF195E5A69F6B1E97E26B3BAB78E35B7864B88CDCBA4644E1991214916624336108FCD7FDABBFE0A0BF163F6CFD7E3BFF899E3CF10F8CE4B7606D60BF9C0B4B42A303CAB68D5608CE09F99230C4924939AF13B8D45A63E66E6C827767D7FAFF8D54A708AB4756385296ECFB07F61CFDAD561F05DD7C39D4AF246B79A779B49791F054C9FEB2DF1D371625973F78965EAC057B06A9911189BF796FCB7967E65527BAFE5FA7E15F9B90DD34532C917C9221048CF5E41FC3A7BD7D25F013F6D2492D62D2BC5D23F98ABB63D476966246001280327FDE19271C839CD7C6E7594F3A7569ADF73FBAFE8F5E3D6070385870E67ED422B48547B25FCB2FF003DBB9F4459D8C6F06236DD16780DDBD88EBF8839A75D690ADF34A176B75F339FC9BAFE759F2A5BEB5651DE69F7916DB85DD1CC8C1E29C7D4679F7CFF0053583AC0BA8E451712CD13B0E158EE46FA374AF83AD878C749C753FB6279DE1FD946A538A9C5ED24D34CDCBB5D374E8BCC9A4B78F6E4F5DDFA5737AD7C476B92D0E971E5BA79AC391F45E954E4D324D424CC91B342A464F6AD4D3AD6DAC90324108FE758FB38A768A3C4C563B178B93A749AA707BB5BB33B46F0CCB24BF69BC667964E4926B6657F294226EE98E6A3BAD4F70FAF60DB6ABC76CD72DF7E15F5FDE64D6B74854A9D1C3C7D9D1D5F72DAB88DBDFD6B4B4EC36DDDEB59915A4700FF005AA4F7E6AF58388DC1DCBB7EB5D78596BAF73D6C2BB3F78FA27F668B7B3D7FE3E7815A7489756599202EA3E5BBB596278B731EEE9920E0F20FB57DA7AB7ECE568C363416EBD7E611ED607D463DFBFE3CD7C2FF00B34FC4BD2FC29E2FF08EA379796EB79E19D661BD855A2258C21BF789BC7FB2CE40E9B828E95FAE1A6F86B52D75566B6B88EF21994490CCA032CC8C032B038E4152083E86BEBF2EC3C2AF35D753F847E9554EB61B35C36222AD1945ABF7773E603F0012DC18E392DFBF52DCFE9D7AD569BF6648AF23FF0097364C67633ED3FAA1FE9F5AFACA6F855AA4A8775BC5B8F3F7719AC7BFF847AB22B16B45E791852C01F5E99AED965F4BF94FE55866756D7523E53B8FD9C242197CA0D84EA1E36C91D3F873D7BE7F03C938F7FF00B2AA7D932B6BBA6271B8DBA85C7423218F6E3A7AD7D4BA87C3CD5ACC3B1B08253D481F27F35AC0D46DEFB499437F66CDC127F77382CBF41BF3584B2CA0FA1D11CD6AAEA7CC23F6505FE2B1B463DC9B5073FAD15F4A1D7A4279D3F59CF7E1BFF8BA2A3FB2A87636FED7ABDD9CDE93AA69AD2AE64D4A1F2DB6FEF1D25C8007F7867AD769A4EA10A451B26A4CDBF24030A498C1C73B4E47D0819EB5E5BA6CD2595C22FF006A69B703391C481CE3D0127247A0E6B6B4DD6F636E920DD83F2829D7AF3838FD79AF4A36B68C7522E5D0F4FB6BA6965C7DB2D5BA1C185D4FE7822B4EC35930670D1B1F48A4F98FE18FE75E7FA4F8CD570BF63923DBC11E58C9FC9B3FA5749A5F8C2CE6939B79236CF5C48B8FC36D6B1B9C1529AEF63B6B6BB9A68D5D632C5BB3326E1FF8F5684770EABFBE82E0FD071FA135CCD87892C5C2856B85F4C48BC7E75B56FA8C4EBFBBB893E6ECCBD3F115ADD9C72825D6E6A25EDB80BBE19979EA53F4E57FAD5BB7D52D54FCB72CBEDB738FD6B321BDF2795BA38E9919A90EA45D73F7D477E39FCEA97333393B1B516A0B37DDB98DBD882334F490E18E6DF1DC9DBFE1FD6B096F236F99A35C0EE7FF00AC6A61E5C880A029EE0951F993556B18B927BA355DA3CE1A38CF1905455769A33261BCE4C7B9FE58AAF15AB38F964908EB846C827F1A8A659125C095939EE33FE154846B4373E50F966EA71838AB315CB20FBF1B1CF5EFFA5632492463FD742C075C823FAD482E5D33B4C2D9F42C49FC299128B3716E9D416500B7B31FFEBD34EA25CED0ACCDD80627FA563FDB257195469077DA41FAFF008FD2B8FF00DA07F684F09FECC3F07B53F1D78EEF65D13C2FA618E36B936AF3C9753CADB61B6B789799A691B8545ECACC4AA2B32D462E5A233BB47A04BA867E6DAFB7AE460D55BCBAFB4C32848E57F2D0C8F95C2C48392CC7A2A81C9638000CE457E74FED15FF00071EFC25F03F82609BE1E7867C4DE36F12DEC45D62D7206D0EC74D38C2998869259DB23EE43B46060CAA78AFCBDFDB03FE0ACFF1ABF6C7B19B4CF1878CAEBFE11B91893E1ED2635D3748EB91BE08BFD711D8CEF21F53DEBAE9D1B6B27638E759B7689FB09FB5AFFC16ABE07FECB93DE5AE9FAD37C46F155B2B2A699E1A9965B286600ED5B9BFE6141BBEF087CE7C64601AFCDAFDA87FE0E2BFDA03E33E91268FE1DD774FF861A4C91F97347E0F89ED2F2E07FB57B23C9720649F96378C007A1EB5F00EA7AF4B7CFF003B74E07A0F61E82B3269FE6CFE154EA463A45151A5293BCCDCF15FC42D4BC53ABDE6A17F7975797D7CC64B9B99E66967B863D59E4625998F5CB13CF7AC19AFA498EE66CB11C923AFFF00AAA191FE5E698E777E02B9E55252F88E98538476124933D7A7A8ED51B3347D71B4F19F5A36ED3EDED465A32C36EE56F41526E8738C7CCB9C7A77A463E61DCADEFEE0FF0043480346DF2723B8FF00034065639E15BA953FD69793175B9D4FC3CF8DBE21F8632B7F665F49143211E642409237C7F791B20FF3AF5FF0BFEDAB0DEBAC7AA58B5A87037CD6EC1D4FFDB3619FD78AF9DE48FCC6071B58FF009E69AD1056E7F353CD7998ACA70F5F4A91D7B9FA270BF8A9C4990A54F01899287F2B778FDCF6F91F607877E34F857C5376B1C3AA5B2CB20FBAFBA0CF4E096C28FCEBB3B5B65B9B7F363B569213D1D24DC0FD08EBF857C1466D88CD9F6047CAD57B47F186A1A04CB259DF5CC120EE92107F9D7855B8560D7EEA56F53F71C87E9498BA4B9733C2465E716D3FB9DFF347DD2B65699CBDACCBEE1E9ED069E17FD5CCBED835F20D87ED47E3AD2E20B1EBF78EA07FCB6C4BFF00A166B46D3F6C6F1AC27F797F6D37AEEB387F9EDAE09F0C623A347E8F83FA50F0D4A2956A1522FAFBB16BF34CFA9CC7A793F2F999F7CD6969771091F7F6FB6DDD5F2ABFEDA3E269E3556834F6C753F67419FCA89BF6CCF1688C2DAFD8ACCFF7859A3E3F3068A5C3B898BE87AD4FE93DC2949F3C633F9457F99F64D9DCFDAA1C5BAC6D2292BF780248F41F957EF4FEC4D657775FB2FF00C376D42CEF34FBEFF846EC52E20B98FCB9924588231605770DC577807070EA7038AFC13FF8209FED43717FFF000514D06DFC55E22B5FF89F6917BA669505DD9193ED1A949E5FD9A3B7F2D19609B2AC44CE1555438DE0B007FA1EF046B324D6CB279CADC6E2776413DF9FC7BF39AFAACB7015285E537F23F9D3C72F1B70BC6D0A184C250708526DA72B5DDD5B65FE67751698BE59DA76AF63B47FF5BF9D27F67A16CE17AF743C9FCCD578B5593A6E037761839FD6A517B26EE55076FE253FD6BBB97A9FCE7ED22959B1B73A1C570DB5A28E4C7419233FA572BE20F86FA6EA970CBF65566E8C7230BF9F7FD6BA0D43510A76CB25AA29E3689F19FAE706B1F55D764B2E5553CA51D5655DA3F1C8FF003E95328A2A9D68B7CB191CF9F831A6AF1F65B6E3D4A7F8D15693C716EE8184176E08C8616C5837B83B79A2B3E54747348F84749D44CA91AFF6D5AF9814862E8EAD8E307E561DFD87B0ADAB5D3DB520634D52CE67900F905CC89B7D386E0FA66B85B4B56821DAD24251F3B963F9B27FDD27F1EB5BDA346E65547B269635EAA53383E98EFF005ED5C7ECD5CFAD94FCCED22F0CDF69D0EE6685D54E711DC2328CF5E4673FA5749A0E9978BC7D94E63600E7BFD3079EA2B8B8B4AB76854416B347F37CC070A41F61FD6BA6F0CA5D46155A4BA8546720DC48B81DBE53C76EDC7B0ADA9A68F3B131477169048A4096D76FB9665AD2B7B7B60557C90AC460E369CFE82B074E9A6847CB75376382ABCFE82B5A0BFB83F79A2914F4F363071F957446E79338F634A2B4B73F307656E832DB31FAD584B3651C48CA47FB64FF008D66A3C8CEC7ECF67CF2429618FC0D584BAD8DFF001ED226DCFDD9323F5AA4D9CED32F6D9AD4AFEF15BDC80D91FA548B7370DF33797FF7C6DFE46B3E2BE58DFEEDC296ED80F52FF692A2FCD2615BFBF11C8AAE6EE6762F4779347CAAC6DF463FFD7A8E4D6660EA3E6F701C5416D76B28F96E2D55BA67CC5523E9CD123CCE73E77DD3D4ED653F5AA4D3275263AD3463E6591BDB76EFEB5E73FB4DFEDA7F0D7F633F008D7BE237886DF465B98A7934BD3228CDC6ADAF344A4B47696DD64F9BE532B94810B00F22F4AF1BFF008291FF00C1547C2BFB017866D34D863D2FC49F13B5D80CBA4F87A42D1DBD841CE350D45930F1DBA80C56142259F690A634CC87F097E2FF00C78F1D7ED5FE35F117C43F1F6BD79ADF883C48174E8EE65DB125BDAA10CD1C312612185542A2448A15431E33935BD1A6A4CCE751C55DB3F423E2EFFC1CBFF107E27E89A959FC33F01689F0D2CA499A24F11EAD7A75FD463847FCF181D12D7CF395397491501C0E706BE05F8F9FB61F8F3E3AEAED3F8BFC71E33F183433C9736EBAF6B53EA0B04D20DAF3223B18E3765017F7488AAA02807193E69ADF8854C096B6FB63B5B75088A3BF5E7EA4E49F527F2C296624E6BA7DD8AB2397DEA8F5D117AFF5A92FA7691D8B3B12492724FBFD7F3CD5096E33F2E7F1F5A89E4A6B7CA6B29499B4608463FA5309DCD413FF00D7A31BBD07F4AC8D176431865BA13F853392BEBEA4735F55FC28FF00822E7ED0FF00173C096BE296F05D9F84BC3DA85ABDD69D79E2FD76CBC3A752DBF75618AEE44998C983B1CA2A30E7785393AFA87FC1063F6A3963F3744F87767E32B10A09BBF0BF89F49D623463D54886E0B2E0F1F30EB9C134475D8EE581AFC9ED391DBD19F1E801863BD6DFC34F865E21F8C5F10B47F09F85746D4BC45E23F105D259E9DA6D84266B9BB95F80A8839CE39CF40064E0026BEF7FD9FBFE0DDDF88D15F5BEB5FB447893C2FF00B3E781A270D3CBABEA76F79AE5FA0E4C76B6713B7CE46573290467211FEE9FBA97F69FF825FF0004F9F83365E19F823E1BD17E1DF872DE4FB49F1B788AD63B9F117882E02C882E62124667798AC8FB5954EC591D638A156C17CB6F8BFE09F419270863F32F7E3150A6B79CBDD8AF56FF00247C07FB387FC1BAFF0016BE227822DFC55F14BC41E13F803E1DBC9248E283C60645D72E42394DF1E9A8BBC29646DBE63A1700328657563D47C56FF837BF4B1A22DAFC2AFDA0BC3BF103C6D200B61E1ED63C3F3F869B5C97071059DD4B2C90B4CED854494C61D881BC1A6FC55FF82966BBF10BC5F77278596D52EAF1D9A6F11F8A67592FAE73D5923918A463838DED2301FDD3F28F0DF1B7EDB3F15D6FAEADDFC7571AC59C27CBB9B57B5B69ACA6009054288C2903070C841E854838C28C2AB77B1EAE3B07C2F8383A53C44EA4FF009A315C89FCF56BD0F93759D2AF3C37AC5D69F7F6B73637D6333DBDC5B4F11865B7910956474201575208231904106AABC9BBFBC2BB2FDA2FE22DF7C65F8BBAF78D750455BEF165ECBA95E32FF1DD390D3924F258C84B163966DE198E4D70D925BDBA567EA7C3CA31E67C8EEBB8F2FB78C0A682D237414D2703DEA4B63B4D04D8921B20EDF365B3E953FD8D233E83EBD69616CAF3C7E35620193B51471C939FE66B4B11CD6215B45FE15FCF03F9D491DB293FC3F2FA76FCAA644579FCB678571D7E72DFA53A61F617C4AC191BEE32938FC7D2A9449E66779FB377ED21E30FD937E2EE8FE3AF02EADFD8BE26D0BCE1657525A417691ACD0BC12A98E656460F149221E33873820F35FA71FB307FC1D2BE2AD1E5B6B0F8A5E09F0EEA56636A36ADE1CDDA65F20EEE6090496CFC765308EBF8FE47452207FBADEBBE260187D4743FA1A6C93342D956F331CE76E1BF1FFF005D5A958E3C561A35E0E126D7A369FE07F51FFB2A7FC14D7E1CFEDBA8B0F80FE202DF6B1226E7D06EC7D83555006485873B66000CE6179063AE2BD917529A66FDECD249B78E6666C76E7FC2BF91BD07C677DA06A705D5A5C496F756B2ACD14C9214922753957560370607BE411DB9E6BF4ABFE09C5FF0707F8B3E166BBA6F85FE365F6A5E37F06CA45BA6B8E3CED77421C6D937F5BC854E7747213285E639063632718BD51F9EE6DC318D8A73A355CD766F5FF27F81FB8B04C081C2E7FDCABB0CF2380372ED3FC25720FE15CEF857C5161E2CD034FD5B49D42CB54D1F56B58EF6C6FAD66135BDEDBC8A1A39A3718DC8CA720919EA0E08206DC32AA91F7B2B52D27B9F234E5569CF46D35E65F336E39312927B9895B3F8EE19FC851554CFB8E77633CE3D28A9F6713D6FED7C7FFCFD7F79F9FF00A5AC9692EEF330F1FDE2109C1CF1B882A0E79FC2BAAB0D62D6D605925B8656E32AB2185BF5CF393FA0ACCD3FC2D716D06E318659092AD264003D00AD3D3FC2325C20658E34031D1B8CE7A02DF37E95E4A935B9FD3728D26B73AAD17C4A966DF34322B2E548C0977018230C083D0D753A3F88ED6EA45FDE2AEDE083039233F8D711A6784CC72F36C09FEFA83CF73DF8E3B0EFF4ADEB4B3B33B373EC99460073B703D88C823F5AB8D4BB3CCC4469C754CEFB4CBCB3919BF7D6E4607FAC253FF65ADBB65B168FE596D8B37184BAE9F862B8ED1B45B8D4625FB3C37D377C45134807D08E2BA4B2F016AD3851FD9F7858F1FBF8D6219FC48EDC56EA2F747895B174A9FC724BE68BF1C1710B8C346EA49C6D61C53BED3347F7B705F427A52DA7C2ED5A4F97C9B78B2382D381D3FDD04D6A5AFC28BFD9FBCD4E3842F411991FF9E056D1A6CF26AE7D8386F35F7FF919E9AAB0701B0DEA410D8A9CDF46F1B66451C7194C7E19AD983E1C05FF008F8D52EA6F6F22300FB739A93FE108B585BFD64A71E84283C7B63DBF2A1C19E7D5E2DC0C3695FE460C93DB381F75BEA33FAD51BCB3B411BB2C2A9C70557BF6C6D039CFAD75371E19B2807FC7BC6C7D58139E3EB54B51B78E28582C718F97076A74153ECD9E756E34C32D6306CFE71BFE0AE5AF2F8F7FE0A53F1D353919D61B7F129F0EC2557910D8C715B1033CE36DBA28FA9CF06BC03C51E226D4208ED615FB3D8DBAF971449D157EBEF5F5E7FC17BBE13B7C26FF00828A7892FE1B66B5D27E20D9DA78AED8E4B24934E862BC6071819BB827257F87762BE2EBAB950A074DDCF3DC577529A4B43D6A788FACA8D45B3D519D286CE5BDAA163523C8AEFD6A190E6A59E8456835B9A6B1F9694BED1ED51BBE4F51F8D67B9A2BA27D3EC27D56FE1B5B5866B9B8B991628E1894B492B310A15547249240007249C0AFD65FD947F63EF027FC124BC1DA1FC4EF8AD796971F1A848D716568505EA783EE4211F66B5B4FBB79AA4618F9B3C99B7B390855CCB1B48BF15FFC12F7E207857E077C56F117C4ED7ADED756D7BC09A409FC1FA4CBD27D66799218AE9B8384B58DA69C30F992458990EF55A8BE33FC71D63E2E78B6F35EF126A336A5AA5F208158AEC5B784676C3126488A1507845E324B1DCC4934A8CAA69B1EA61731C265D0FAD554A73FB317B7ABFF0023DCBF687FF82ABF8EBE24F8A7509B41821D016791BCEBFBF0BAA6B577D47EFAE66DCAB923EE46303EE962071E5E3F6B6F88915D7F6949ABE9BABCD18FBF77A2D9B4814F5C3AC4AF8E492A4F5CF4AF17BAD4FC889D97EEC7CA81D47181F80E3A7A75CE0D5EF0F6B76AF6326D9955B0651099514E4E48419C63A0EBDCF038AEF8D0A30D2C70BE3CCFEAD5F6CABB8AED1D23E892D11EAF75FB5F7C40B96926B6D4B46D2E6C1C4FA7E856705CB03C05595A37914F4E4371DB9191C36B1A8DD7897569B56D5750BBD5754B82BE65CDDCEF717131F52EE4B155C0E3FC05452DAA8B897CB8C7950B2A8DAD94918E7381F789EA4F009E3029B7D147A3DBDDAC8B1B4D6C9E6A22C8A3773863D7A03C9CE39E9DAB78C69AD91E7E63C439A63D7B3C5579CA3D9C9D916F40F08EADF127C63A6787740D26FF00C45E24D7A5105869B65179B3CEC4630A318E319676F95403C8039F4AFDA2BFE0991F1B3F65DF85575E37F1C7835749F0AD8887EDB7F63ABD9DE0D35A6758A359A246DCB9919546D5703A73DFF50BFE081BFF0004D8BEF83BE03D53E30F8FB46974DF1778D80B7D06C2FA0F2EE34DD217E6133A37CD1BDC487785383E5C684FFAC22BC67FE0EC5F8D72E8B27C1FF84F637063B59ADAF3C67AAC0147EFE4F30D8D912719FDDAC77A40FF00A6E4F615552DC9CCD6A7261F0C9DAFBFA9F9C3FB15681F007E207C42D6ACFF00680F14789FC2BE1CB5B3FB5E9B75A1C4CC6F2F5648D5A1948B7B8640D096391181B930586457D8FAC7ECCDFF0004F9F8F1A06A1E15F87DE365F0CF8C350D2263A2EB1AC6B3A8595825EB7FA85B892EE058B22454574FDD811CCCC18B01B7F2F0F13F1F2EC000FF00EB67A629CC036E5DDB78FC07BFE79E3E9D6BC79538C9DD9AE230339D48CE35651B744D5BE6AC66EBDE1CBAD0F56B9B3B840B35ACEF0CA778650EAC5586E0483C8EA091E9C7353693E1E92EC0676F2E11CEEC724FB54B7521744DCBBBCA65623B7F862ACBEB1221C4919DB9C6E1D3E8288C523D494DB8DBA9621D1ECED4E7E691BB17AB08D1A0E36AAB70C147DEACB92E0B160376DF434DB8BA9371DA772E7233D6B4E648C7964DEACB57B6B15C37CD183CE171FC23D8F7354BCA7B15DB9DD09E3A6EFCC528D5F036C8ADF51DAA45BE8AE030F336EE1D08A96D32BDF4552C0AE226F2C672149F97F03D7F3A74175221C32EDF7F5FC6AC4B67196F979E38F4A6FF00673C7F764DBEDD8D4D995CC9AB31CF1348BE636D1DB20734DB7668A51B7239EB9A448D97AF1DB83C528FBC3D7D2A913F65A67EBA7FC1BA1FB7EDD1D46EBE02F88EEE492DEE527D5FC22EEE7FD1664065BBB05EB849503CE83A0923900FF5C6BF5E74DD5582A80EBD3079C807D3FF00D75FCAA7ECBBF13758F83DFB437823C4DA034BFDB1A1EBD657D68139F3244B88C84C770DCA91DC311DEBFA769B54167AB5EC31ED8D2D6E248D17713B5431007E0063DEA5C92D0FC938CB0F1C26295486D35F8A3D0BFB58FF00CF51F9515C48D7DB1F7968A9F688F94FAD48C7D17F631F0FE9F6E639B5CD7E456387585D2DD64EF83F7F8AEAF44FD9E3C2BA34C8DB353BC68F8FF48D419801E9850BFA576A611938DFF4E9522C3838C9071EB58FB28763EBAA71466B5349557F2FF81639FB1F841E19B07F323D16C59CF56937499FC589ADFB2D22D34E4FDCDAD9C3B781E5C08B81F801FA53C46A1BDEA68D42E08ED571A715B1C75330C5D4D2A546FE6C04AC72A64CFA2939C5386D42DF7BB9F5F4A30C39CF6EBDE87FBA7FAF5AD394E5BBEA207E785FCFF869924CD8F99BEED0EDB87CB51BEE3BB8A44EA3669F79E9D455779F68EDC0E49E82A598363EEFE26A078DC479F957D8753FE7DE9F299CB72199BCCC83F37A66B2353895776DDB96FA8AD796DB927EE9C743D2B3753B462837B2B15EBC7F2AA8C7B98549595CFCFBFF0082FDFECDD67F19BF62A6F115AE87A86A5E2AF87BA94373A7CB6119964B7B1B8252F1245E4B43C4321DA328EBB8615A435F83BA907520E1979E411823F0FF0038AFEAB3C73A6497F68F86910951B76E55948CF20F506BE6DF89BFB1A7C3FF0089B2CB26BDE0FF000CEA571313BE7B8B046B91DF89400FF867031F8D4FB395FDD3AF03E20C72C4A8622939257B34F6F2B3FF0033F9D869DA36DAD9F6E3AD209CC89CFCADEE3A57EDCF8AFF00E08E9F087C4333C9078716DE5C97DB1B3AC6DFF01560474F5EFD78AE70FF00C121FC09A1247247A0E90CD182C4B095B6803D0B7E873D2AE387AAF6B1D957C69CA29C2F2A352FE8BFCCFC657C93B7E6F9B8CD6968BE0DD5BC4ABFE81A6DE5E0036B18E3240FC457ECAE99FF0004E5F0F699249F65F0AE86A63DBCFD8514918CF539F6FAD6F5A7EC866CA55F26D74B8F8E4796171F5F978AD3EA751EED1E3E2BC7CC1A5FEC986937DE4EDFD7DE7E3E7837E1C78CFC077D7370FA2EA11C577088A47F23CC1B772BF6CE0E5473F507826B4B55BBBAD5EF7E5B5BD7906102FD9DF3F963DBF97B63F616DFF660BEB63F343A7AF18CA8EA41C761ED9AB63F65EBB910309AD57183C93DFD0D6D4F0F286D23C3A9E3654AEF9A7837F295BF34CFC73B7F839E2EF142C86C7C3FAB3F9D1955DD6ED1A8CF7DCD80381D689BF64FF88BA75CC778DE0EB89FC90448866593CF3CF450D9E011C0CF4CD7EC05C7ECD77897BE5F971B28240988EA3DBD7E951CBFB395C58A2965B7FDE1542A3EF0EA7AF4F7CE73CFB62A6A517269B91CBFF11D3174DDE8E1572F5BDEFF007AB2FC0FC6BB5F86FE22F016A36B26B5E1FD5AC218D5F264818AC92F3B4F4EDF2E47B66B16D750BAD375AB5678E486E3ED21DE6318658CEE187070471C9F6201EBCD7EDD587ECEF21859DAE1605DA436D05829E83BF3FE7D6A9FFC28125DB75B41363BB44BC678E0E3F0FF00F58A8F6325F0B3BA1E3B251E7AD826EFDA5FF019CDFF00C135BFE0E0AD7ED7C6963E07F8F1AD5B6B3A5EA18B7D2FC653A2C7796738FB89A814016785C617ED3B4488C0190BA92CBF2CFF00C1C77F1B34DF8EDFF050BB3D5B49D4F4DD5B49B1F0669363697961771DD5BCC84CF33EC742570B24CCB8CF507D6BEDAF0FFECEFA75CCCDF69D1F4F0CBF2822CA2CE71D8E33C71D7D7D335E3FFB4CFF00C13D7C1BF176ED9EF34CFB15D469B62BDB3610CB1AF247030ADF789C11DC8CE066BA6B569CE9F2591D595F8D982F6F1962E8CA9D2774DDD4B5FB91F914F079B3065E8C71F5A46450E32DF31ED8E6BED4F147FC11AB52B40CDA1F8A9253D7C8BAB2D80FA7CCAE7F977EF9AF19F887FF0004EFF8ADF0F2591A4F09DD6AD68B96173A5BADC2B0F52AA770EFD4579FCFCBA4A363F57CABC42E1DCC5A86131506FB37CAD7CA56FC0F0B9A2646DBF4C03DC53915AE13126EC018C74AD6D4BC3775E1ABF92D6FACE7B3BA88E192685A265C7A83512B46643F3271D791D6A934FA9F5F1AF19C6F0775DCCF5428157AEDE07AD3D2DF3DF9F6AB4F716EA7975CFA0A866D5E15FAFAFB55590272630D82C84EEC7D6A17D1D5A965D797F85775577D5E698FCA36FD2A5CA269152EA4C34F309FE2C7D6892EB636DC93F8E6ABC8FB46679588FEE835135D9906235F2D7F5353CCBA1A46172D89722A4865F34E0FD2A8AC87FBDD3DFA511CF9CB70DC75FF003FE73473740713EBEFF82337C045F8E1FB767866F2F6D61B8D13C0A0F8A35012FDCC5BB288148FE2DF72F02EDCF424F406BF77F4FD455D43798CCCC727711CE41C9F727AE6BF23BFE099B71A9FEC79F0AF56BCB8F0CADD78A7C64629256B9B89E31A75946374503471C4583B48C647F9FB46A402AD9F7ED77F6B8F895E25B2682C752D3BC3ACE573259685E6CCBD73F3DCCB22F07A1F2F8F41D0EB4F0B7F79CBF3FF00863F2CE28C8F30CCF1D7A4D2845595DFDFD19F7DB7886153F7A4FF00BE0FF8515F023FED03F13A5766FF0084AA64DC73B56C6C902FB01E471F4ED456DF558F73C6FF0051730FF9F91FC4FD7A2DB87F171D69B24AB13365B151B642E37330A6B48A0F1C13D091D2B88E38D4BEC4BF695914315EBDC8A4373BDF6AAE47BF4A85E4DA4E483B877A8BCDE1B8EBE8681F3BEA5913C9B9BE5C11DF34AD36065BEB9F5AA86658FBB7E07A5345E823E5527D323AD02722D7DA5B75125CA951BB23BF5AA4DA87CC772B7AF34C6BADDFC5B7BE69F319BAB62C4B3AB37CBBBD79ED55D65667E8BCF7269B24EAA9F7BFFAD4D665201C8C8C82476A7CC2F6CAC3E795B23E60307D6AA5DB0914A9C8EF4E72A87EF64FAE2A95CCF946DCCBF950A47356AD6450D52D7CD66EFB873935CB6AFA12BB6E11AA73E9CFF9FF000FC6BA99AE370C37CADD07BD66DE3293CEE2A3E95499F3B8E8C2A2385D474A291AED8CA95FA024E07A67F3FF00EB63364D2202D9995B6FD719FC40CFF9EDD6BBE9AD63900DDB4ECE0649FC7FA5571A55BB2B2AC71B37AF5ABF687C9E232BE67747072DA650AAA7DE6FBABC609F619FCCE4FAFB67DC681E7CBB5502F76E31EBF97F9FC7D0EEBC3F186DAACAADC8040E87D78F4AA33E81B9DBF76CC719503B7F9FE9ED571A8CF2EB65B27E67211681042BB648559157E60C7A7F9FF3D2993E9E43EE8DB96E091C13E9F4EE7F4AEB468122272BC2F51D3FCF4A8CF865A5915846707821471FE7181F87E3537D7526383A96E58C4E1A7D33CB91D5B2C1792CDCB6E1DFF1FC3F5A8068AD3CAADBB71C860CBCF19CE4FE7D7FC6BBA7D08C0374C6346392C59C03F97F9E86A0B9BAD3B4D899E6B8B18FE539795C2AE0F5CF6C60F38F5FA535CCFE1151E1EC456765177F4390B7F0F06DADFBB562DB949E58E48FE87F5CD393C38D0CC5523900F51F75BA0FEA07B6467A543E23FDA03E1EF842630DD78AB4B5BA1B81B689C4B277E08527DC118CE6B95D67F6D7F05D95A06D3E3D6357DADF2F9168CA243D01064D83D39EFCFAD0E8C96B2D3D5D8FA2C170166B88D21465F733B06F0F3412AEFF00E238DCC99C7724FB741CFBFA0AC7D43C3DF693B970F2B75CA07DBEC78F9877F5C83EB5E7D7DFB7546A156D7C1ED022805DEF2FA28BE6C9FE08C48DDB279FE2AE6B5AFDBC356B7964487FB06D24E0620DECCA30339F33603D33D3A835C953154696B29AF93B9F5787F05738C5C529C39579B3D2AF3E1D4FA8CA3090C1B40C06427071D875C8FC3EE8F5A860F839210DE718E611A99098F72B2E30075E48E3903A823D0D7CDBF11FF6BCF146BBBE28B55F19430BE72FA6C369024640CF24465B6F27AB8FD2BCB759F1F78BBC43707ED5378A352830C737E2E2E19C1E7819DA7E816B1FEDBC1AD1C9FDDFE67AB85FA34D47353AB5127E57FF00347D7BE30F00F85EE6CDD7C49AD785DA28C731DFB4337CB9C1C0973CE739ED86F5AF06F8D1FB33FECD77FA6DC5E6A1A7DB6AD329DBE5786F4C99EE1CFF00B290FCBCF52C70077C5790DB7C51D63C23A7C9B747D3AD56E31978EDCDB4928EDB8C91939CFA9ED55EE3E2BDDF894986F7FB6A68A61B42A886E1371EBC1DA4F73E831CD79F5B3CA6FF00874EFEAD7F91FA6F0FF81782C028BFAE548BFEEC9AFD4E1FE2B7EC89F01A7F0F5F5D69D67F13BC3332C67EC82E16D30EE7A068DE62F8CF18F979AF8DFC49F06B5AD0EE9C456D25D420E51970AC572705972704FA026BEDDD4B4CD16FDA155926B491DB20CB6041F9B81B4A83C7E207231CD665C69D6A6310FDAF45B98FFBAB2F96C464F557031D3DC74E7AD70BCEAA3FF97763F61CBF852861A97B355DCFCE4EEFEF3E13BBD1EEB4B73F6AB5B9B7DBC1F32323151C93BB2ED8C63D4FAD7DCDA97C2AD37525568ACD519B92A8AB2AB7AE361CE6B97F107C10D0D6560DA7889B006D6B66F9B39C7607FA7BD6D0CEE2F78B35A9C392DE124CF8EDACE6EFF79BD69D0584A58E63660A39C7715F504FF01741F3FCB923F2F2D81B15873C76FF000A99BF668D26E3779324C8320AE71C7D7BD6DFDAF4DF43096475E3D8F32F06781BE18FC448B4FB196F3C6DE0CD45CAC7717B72B6FAC58B1CF2DB5040F18F41F3F3DEBF407F64DFF82797C38F8296561E27B3D4A2F881AC2B196DB5C9ADF6DB5A1182A6DED9B70591783BA5DCEA4640438AF9460FD99162995A1B98095C1F964F9CFEA3EB83EB5EFDFB275D6ADF0B7C5B60ADA8C771A72C823BCB76909F3203C13C7DE65072BD4E463A1AEFC166D8673E5A87899964F8E50E6A6F4EC7D37AEDFC3341E55D4DB107397B50C1B20F703BF5F6CD71525869EF78CD6FA979595C80E9F211F40770FC81AF6EF12FC17FB5DA2DC437967756F74A268A58DCED990F2AD83C73FA570B79F05EF16E0AC72C3336EC30575CE3B807D4F6E95EFF00B87CEC633B59AD4E5069BB87FACD3FFE0320C7E1C515D48F83F7B1FCBE531DBC67EC0A7F5A297B8572CCFD56FB5AA9FC338F6A6C9740F4FAF34515E61F8BB76D8AF25E0217EF31F6A6C97FBD7A1FA77E7FFD5451419CA6C61BB2A7EEE3BF5A5376CA3EF617A77A28A9E62653634CC33CFB0C7AFF009CD4667F9F6803BF5A28A68E794D8C2EBC36EFD3F1A64D3A85DC377A1FAD145333949A227BC50A7EF6D5E07B8EF552FEF15D5BFBB8FCFF00CFF4A28A0E1AF3958CF9E6DCFC9EFD4553BDB95B64FDE4AA8B9FE238A28A68F26B49D8C99BC51A75ABB79D7D669D49CCCB93FAFB573FAE7C73F0A787E2692F35CB1B789725D9A64403A74C91CD1457A783C2C2A6B2B9D59460E189AEA9D5D8E6B53FDB53E1FE9D23470EA136A1B7EEFD921927DD8F531A37F3AE4B5BFDBDF4F4565D37C2BE20B8555237BDAC76C849FF006A6910F23D8D14573E3E51C33F7629FADFF468FDA301C0394BA4A735277EEFFC923CF3C79FF0505F175C5BEDD0F42F0EE9B33491B09352D48CEBB038DFF25BC7F78AE5465F00904E7183C078B3F6F7F88972F2079ADEC972582E9FA7F9AA41E40DD3487A600FBBFA514579188CD2B537CB0497C8FB2C1F02E4D4B58525B75D7F3B9E7BABFED65E28D62592DEF352F104D19C025AE7ECA838EE21453F866B99BFF8C0D3CAC653A189B3D6F95A790E071979830EDD8F38A28AE4A98EAF53E2933E828E5584A315ECE9A5AF626D2BE33EA5600C369ACDAC7B8ED090A44B111DBEEED23A1E33DBDEB4B4FF008A0D7175FF00134D3ED2F1727324672CDE8D8CFD7BF19E3228A2BCDA8AEF53DAC2C2292691667F1A78775159192CE1B5998052B243963E986C8C6303D6B03C41A9E917162AE2F6EA3694E3CEF3832F73B4A904ED3F51C8FC68A2B8E51E87A54BDE7A9CE4D682E944761E22F326C03E53C6018B38DB82719EB9E33F81A7DD7837C456D02C90EB4B664AE17CBBA1F2719190338FD3FA028AE2A8F965CA8D9D34C866D3BC6D6B0C925BB5C6AA8A31B7ED71303D3A29F9BA03C0EFCFA668D96ADE2D91248E4F0FE8AAC368905F4A1580C1C2F298CF3FEC939EBD68A2AE32BE8D225D3562D0D6F53B4B49A3BDF0CA59DAA9FBD6977BC487FDDC6DDA723A723B564DD5E68524062BAB5D4E159781BCEEDBC92327A7F3F7C9A28ADE9D38D8C76335BC25A1DEB49E49D336E3E5125932B673CFCC9F4FF38A745E1094492496B7D796F1A838FB0EA6EACA38C12AC48FC851452A91B3DC9849C9EA3668F53B47884DA86AD22B202AF3436D741C103A9DA1B1F8D360B2640ACF7DA546CDF2A31D2E5864181C03E5B1181DFDBF225159D3B3475394A0F46CB1ABC57CB0AAC56BA45C6E1CAC57C57F3124671DBA10307A66AC786F57BCF32167D026555208785A29BB63230C18723A6DEC28A2AA2ACD34734B1152ED1F727EC33F13A1F1F6837DE18BEB4BA96EB48885D5A892CE489FC9270E98008C2B60823FBC6BD835AF00D84CEC1B6467AAA4836B7AFF0010A28AFD0302DCB0F16CF82C74AD88691507C3B523EEC7F92FF8D14515D46173FFD9);
INSERT INTO `fitnessclub`.`users` (`id_user`, `login`, `password`, `id_role`, `id_status`, `name`, `surname`, `phone_number`, `email`, `birthday`, `photo`) VALUES (21, 'samusevich_s', '$2a$10$hbEZjtZolGqjmQLfUkDldOVVARCtDyHAoZs1jhIyRR.vPe15ofN7O', 3, 1, 'Софья', 'Самусевич', '+375298752688', 'samusevich_s@gmail.com', 37498, NULL);
INSERT INTO `fitnessclub`.`users` (`id_user`, `login`, `password`, `id_role`, `id_status`, `name`, `surname`, `phone_number`, `email`, `birthday`, `photo`) VALUES (22, 'agel_v', '$2a$10$OBwyfixcdw6mmL2PS2CwIuMKl1x51VpCZqQ.wHD9umlwk04GrPJTW', 3, 1, 'Валентина', 'Агель', '+375444692638', 'agel_v@gmail.com', 32182, NULL);
INSERT INTO `fitnessclub`.`users` (`id_user`, `login`, `password`, `id_role`, `id_status`, `name`, `surname`, `phone_number`, `email`, `birthday`, `photo`) VALUES (23, 'dubinina_e', '$2a$10$h1KbZiRji3my/Ph6pYkn5uarZQE5cxaOa5JIkid1uN.YX9ef6f39W', 3, 1, 'Елена', 'Дубинина', '+375294768701', 'dubinina_e@gmail.com', 35712, NULL);
INSERT INTO `fitnessclub`.`users` (`id_user`, `login`, `password`, `id_role`, `id_status`, `name`, `surname`, `phone_number`, `email`, `birthday`, `photo`) VALUES (24, 'nalivayko_e', '$2a$10$W3EUPFurXuKxrmoDfZfyZ.6qBOwvOeTYCTTv0CrlQqEdPBSRQvZyi', 3, 1, 'Елена', 'Наливайко', '+375298368231', 'nalivayko_e@mail.ru', 31161, NULL);
INSERT INTO `fitnessclub`.`users` (`id_user`, `login`, `password`, `id_role`, `id_status`, `name`, `surname`, `phone_number`, `email`, `birthday`, `photo`) VALUES (25, 'kasperko_v', '$2a$10$y4PhKPQhM3R.okagv3TSe.H4ckiWiAGr.A/zfkM417TjAK3y5QstO', 3, 1, 'Виктория', 'Касперко', '+375297454214', 'kasperko_v@mail.ru', 31472, NULL);
INSERT INTO `fitnessclub`.`users` (`id_user`, `login`, `password`, `id_role`, `id_status`, `name`, `surname`, `phone_number`, `email`, `birthday`, `photo`) VALUES (26, 'zdanovich_l', '$2a$10$cqSwVG7nURa.Ut26ZPJSmu5StKMaabgNSCbwdxa//Nd8syK63E2Am', 3, 1, 'Людмила', 'Зданович', '+375296526873', 'zdanovich_l@yandex.ru', 35995, NULL);
INSERT INTO `fitnessclub`.`users` (`id_user`, `login`, `password`, `id_role`, `id_status`, `name`, `surname`, `phone_number`, `email`, `birthday`, `photo`) VALUES (27, 'sabadash_e', '$2a$10$xcNBC3SaugbuZRrEiSKEq.E0FnWeFlloCyKmlxRvxtbpAoUAJ.DP6', 3, 1, 'Ева', 'Сабадаш', '+375292917269', 'sabadash_e@mail.ru', 30861, NULL);
INSERT INTO `fitnessclub`.`users` (`id_user`, `login`, `password`, `id_role`, `id_status`, `name`, `surname`, `phone_number`, `email`, `birthday`, `photo`) VALUES (28, 'guminskaya_g', '$2a$10$e69Mr0XGThNZ3baR7SSvh.ErdkwFsjObvHyRFtQAS.Z/U.ZNa9Owe', 3, 1, 'Галина', 'Гуминская', '+375293978097', 'guminskaya_g@gmail.com', 33988, NULL);
INSERT INTO `fitnessclub`.`users` (`id_user`, `login`, `password`, `id_role`, `id_status`, `name`, `surname`, `phone_number`, `email`, `birthday`, `photo`) VALUES (29, 'zhelukevich_g', '$2a$10$Zt4BWKS5hJN2qj4eU/EsheMCgdKhWz4YgUwQsWgs.6bibrneX8vzW', 3, 1, 'Галина', 'Желукевич', '+375295437817', 'zhelukevich_g@gmail.com', 36442, NULL);
INSERT INTO `fitnessclub`.`users` (`id_user`, `login`, `password`, `id_role`, `id_status`, `name`, `surname`, `phone_number`, `email`, `birthday`, `photo`) VALUES (30, 'novikova_n', '$2a$10$6ZthuKuHpoumuSu9DH40vOHH.s67N930ZjfhDdH0/JA8mdflhzbM2', 2, 1, 'Наталья', 'Новикова', '+375295806144', 'novikova_n@gmail.com', 32708, NULL);
INSERT INTO `fitnessclub`.`users` (`id_user`, `login`, `password`, `id_role`, `id_status`, `name`, `surname`, `phone_number`, `email`, `birthday`, `photo`) VALUES (31, 'beganskaya_s', '$2a$10$9W5sxKMrJ3800RDNOvU11.XdIsdpKyeFlwc4lej7bOO9ZVCqjGud6', 3, 1, 'Софья', 'Беганская', '+375293461007', 'beganskaya_s@gmail.com', 31913, NULL);
INSERT INTO `fitnessclub`.`users` (`id_user`, `login`, `password`, `id_role`, `id_status`, `name`, `surname`, `phone_number`, `email`, `birthday`, `photo`) VALUES (32, 'volchek_n', '$2a$10$LhQ1sTzrd9i4K3uKEai2cOLFegYityox5R5duKZ5mZECHTZvdnYae', 3, 1, 'Нина', 'Волчек', '+375297465728', 'volchek_n@yandex.ru', 34097, NULL);
INSERT INTO `fitnessclub`.`users` (`id_user`, `login`, `password`, `id_role`, `id_status`, `name`, `surname`, `phone_number`, `email`, `birthday`, `photo`) VALUES (33, 'vavilova_g', '$2a$10$uKi1061ziniyvNekiefeVe60oWXA5C3rpYb7.O6YM163O44br6Ol.', 3, 1, 'Галина', 'Вавилова', '+375444243325', 'vavilova_g@gmail.com', 34969, NULL);
INSERT INTO `fitnessclub`.`users` (`id_user`, `login`, `password`, `id_role`, `id_status`, `name`, `surname`, `phone_number`, `email`, `birthday`, `photo`) VALUES (34, 'shupayeva_t', '$2a$10$BjGoJQdhACcGp4XIT5f0/usAsn6WL2Db7IGrhE9e28oUd3/5YWGAK', 3, 1, 'Татьяна', 'Шупаева', '+375295263305', 'shupayeva_t@gmail.com', 33915, NULL);
INSERT INTO `fitnessclub`.`users` (`id_user`, `login`, `password`, `id_role`, `id_status`, `name`, `surname`, `phone_number`, `email`, `birthday`, `photo`) VALUES (35, 'pastukhova_e', '$2a$10$YYqH0rEUqKXEjwUrzg/EiOqkRQ9.K30E3B1gHigAuO9NMkyRlQVSi', 3, 1, 'Елена', 'Пастухова', '+375296166364', 'pastukhova_e@gmail.com', 37426, NULL);
INSERT INTO `fitnessclub`.`users` (`id_user`, `login`, `password`, `id_role`, `id_status`, `name`, `surname`, `phone_number`, `email`, `birthday`, `photo`) VALUES (36, 'rudakovskaya_e', '$2a$10$tsKkIEhMSFzVRgXC5hVVsO2NQ/QtrFuVzpjsC7I7LWWkHQ3ICW752', 3, 1, 'Елена', 'Рудаковская', '+375298878403', 'rudakovskaya_e@gmail.com', 37124, NULL);

COMMIT;


-- -----------------------------------------------------
-- Data for table `fitnessclub`.`staffs`
-- -----------------------------------------------------
START TRANSACTION;
USE `fitnessclub`;
INSERT INTO `fitnessclub`.`staffs` (`id_staff`, `work_experience`, `start_working_date`, `end_working_date`, `description`, `id_user`) VALUES (1, 6, 43831, NULL, 'Администратор Наталья всегда поможет вам с выбором подходящего абонемента и направления тренировок. Смело обращайтесь к ней по всем организационным вопросам!', 1);
INSERT INTO `fitnessclub`.`staffs` (`id_staff`, `work_experience`, `start_working_date`, `end_working_date`, `description`, `id_user`) VALUES (2, 8, 43831, NULL, 'Несмотря на то, что у Галины за плечами высшее юридическое образование (юрфак БГУ), у девушки немало спортивного опыта. Имеет КМС по плаванию (долгое время состояла в сборной университета и участвовала в городских, региональных и республиканских соревнованиях). В 2015-ом закончила \"Grantello fitness school\" (курс «Универсальный инструктор»), в 2016-ом прошла дополнительное обучение по пилатесу (также на базе \"Grantello fitness school\"), а в 2017-ом закончила курс подвесного тренинга TRX в \"Академии фитнеса\" и курс по мануально-мышечному тестированию в УОЦ «Кинезио». В 2018-ом - курс по кинезиотейпированию и программе PUMP. Девушка регулярно посещает фитнес-семинары, конвенции и воркшопы, развивается в таких направлениях как пилатес, тай-бо, силовой тренинг в рамках групповых программ, 6D sliding, миофасциальный тренинг, TRX, табата, степ, смешанные форматы. Галина имеет колоссальный опыт работы с клиентами 40+ и 60+ с учетом возрастных противопоказаний и особенностей организма, с легкостью проводит персональные тренировки (без использования силовых тренажеров), консультирует по правильному питанию.', 2);
INSERT INTO `fitnessclub`.`staffs` (`id_staff`, `work_experience`, `start_working_date`, `end_working_date`, `description`, `id_user`) VALUES (3, 9, 43831, NULL, 'Светлана - один из самых опытных тренеров нашего фитнес-центра:\r Обучалась в Belarussiоn Educational Fitness Center. Является лицензированным тренером по классической аэробике (B-licence), степу (B-licence), силовому тренингу (B-licence), пилатесу (B-licence).\r Сертифицированный тренер: \r по интервальному тренингу, Тае-бо, Aero-step, Functional step, Stretching. ⠀\r Участница множества фитнес-конвенций в Беларуси и за ее пределами: Сезоны 2017 (Каунас, Литва), Сезоны-Грантелло 2013, 2017 (Минск), MIOFF 2017 (Москва, РФ), Euro Fitness Wekeend 2018 (Минск), RIMINI WELLNESS 2018, 2019 (Italy), NTC-convention 2019 (Минск).\r Светлана сумеет влюбить вас в функциональные тренировки и поможет на пути к совершенству!', 3);
INSERT INTO `fitnessclub`.`staffs` (`id_staff`, `work_experience`, `start_working_date`, `end_working_date`, `description`, `id_user`) VALUES (4, 2, 44075, NULL, 'Жанна с вами всегда на связи! Она с радостью подскажет какая тренировка будет для вас эффективнее, а также подберет абонемент исходя из ваших предпочтений.', 11);
INSERT INTO `fitnessclub`.`staffs` (`id_staff`, `work_experience`, `start_working_date`, `end_working_date`, `description`, `id_user`) VALUES (5, 4, 44075, NULL, 'Надежда закончила Полоцкий государственный университет по специальности «Практическая психология. Английский язык». За ее плечами также курсы по пилатесу и более десяти лет занятий восточными танцами: девушка не только участвовала и побеждала в городских и областных конкурсах, но и преподавала их в одном из новополоцких фитнес-клубов. Также Надежда получила комплексную программу дополнительного образования \"Фитнес-инструктор групповых программ\" (частное предприятие \"Фитнес-профи\"), прошла обучение \"Инструктор по фитнесу\" в ЧУП \"Эффект-лайн\" (пилатес, калланетика, фитнес-йога), участвовала в конвенции \"Сезоны Грантелло\", конвенции по аквааэробике и обучающем семинаре \"Стретчинг в работе инструктора групповых программ\" (Grantello fitness school).', 20);
INSERT INTO `fitnessclub`.`staffs` (`id_staff`, `work_experience`, `start_working_date`, `end_working_date`, `description`, `id_user`) VALUES (6, 10, 44075, NULL, 'Наталья - один из самых опытных тренеров нашего фитнес-центра, оцените сами: Сертифицированный тренер групповых программ, Сертифицированный тренер TRX, Сертифицированный тренер Степ 1,2 уровень, Сертифицированный тренер Stretching.\nНаталья постоянно развивается и повышает квалификацию, знакомится с новыми подходами и программами, осваивает самые современные методики фитнеса. За ее плачами многочисленные конвенций, семинары и обучения в России, Украине и Беларуси: «Nike Free Фитнес-2010г.» (Киев),  Fitnes Convention 2013 (Мир фитнеса, Минск), Конвенция «Инструктор направления Стретчинг», 2013 (Мир фитнеса, Минск), Сертификат «Международного фестиваля Физкультуры и спорта» World Class, 2010 (Москва), Конвенция «Grantello fitness festival» 2010, 2012, 2013, 2015 (Минск), Конвенции «Стабильная сила» (Pilates, Gyroplastica) 1 уровень», 2010 (Мир фитнеса, Минск), Обучающий семинар «Aero Dance, Step Dance PRO 1-2 уровень» А. Художилова, 2011 (Минск), Воркшоп «Поперечный шпагат», Анатомия Фитнеса, 2018, Сертификат «Стретчинг в групповом формате», «Fitness factory», 2018, «NTC-convintion», 2019. \nНаталья – это профессионал высокого уровня и мотиватор, который даст толчок к действиям, поддержит на пути к самосовершенствованию, проявит нужную строгость, не давая расслабляться. С ней у вас будет возможность постоянно держать себя в форме.', 30);

COMMIT;


-- -----------------------------------------------------
-- Data for table `fitnessclub`.`type_classes`
-- -----------------------------------------------------
START TRANSACTION;
USE `fitnessclub`;
INSERT INTO `fitnessclub`.`type_classes` (`id_type_class`, `type_by_number_people`, `period_time`) VALUES (1, 'групповые', 'весь день');
INSERT INTO `fitnessclub`.`type_classes` (`id_type_class`, `type_by_number_people`, `period_time`) VALUES (2, 'индивидуальные', 'весь день');
INSERT INTO `fitnessclub`.`type_classes` (`id_type_class`, `type_by_number_people`, `period_time`) VALUES (3, 'групповые', 'утро');

COMMIT;


-- -----------------------------------------------------
-- Data for table `fitnessclub`.`memberships`
-- -----------------------------------------------------
START TRANSACTION;
USE `fitnessclub`;
INSERT INTO `fitnessclub`.`memberships` (`id_membership`, `duration`, `classes_amount`, `price`, `start_sale`, `end_sale`, `id_type_class`) VALUES (1, 30, 1, 12, 43838, 44074, 1);
INSERT INTO `fitnessclub`.`memberships` (`id_membership`, `duration`, `classes_amount`, `price`, `start_sale`, `end_sale`, `id_type_class`) VALUES (2, 30, 4, 45, 43838, 44074, 1);
INSERT INTO `fitnessclub`.`memberships` (`id_membership`, `duration`, `classes_amount`, `price`, `start_sale`, `end_sale`, `id_type_class`) VALUES (3, 30, 8, 72, 43838, 44074, 1);
INSERT INTO `fitnessclub`.`memberships` (`id_membership`, `duration`, `classes_amount`, `price`, `start_sale`, `end_sale`, `id_type_class`) VALUES (4, 30, 12, 98, 43838, 44074, 1);
INSERT INTO `fitnessclub`.`memberships` (`id_membership`, `duration`, `classes_amount`, `price`, `start_sale`, `end_sale`, `id_type_class`) VALUES (6, 30, 1, 14, 43831, NULL, 1);
INSERT INTO `fitnessclub`.`memberships` (`id_membership`, `duration`, `classes_amount`, `price`, `start_sale`, `end_sale`, `id_type_class`) VALUES (7, 30, 4, 49, 43831, NULL, 1);
INSERT INTO `fitnessclub`.`memberships` (`id_membership`, `duration`, `classes_amount`, `price`, `start_sale`, `end_sale`, `id_type_class`) VALUES (8, 30, 8, 76, 43831, NULL, 1);
INSERT INTO `fitnessclub`.`memberships` (`id_membership`, `duration`, `classes_amount`, `price`, `start_sale`, `end_sale`, `id_type_class`) VALUES (9, 30, 12, 104, 43831, NULL, 1);
INSERT INTO `fitnessclub`.`memberships` (`id_membership`, `duration`, `classes_amount`, `price`, `start_sale`, `end_sale`, `id_type_class`) VALUES (11, 30, 4, 40, 44075, NULL, 3);
INSERT INTO `fitnessclub`.`memberships` (`id_membership`, `duration`, `classes_amount`, `price`, `start_sale`, `end_sale`, `id_type_class`) VALUES (12, 30, 8, 70, 44075, NULL, 3);
INSERT INTO `fitnessclub`.`memberships` (`id_membership`, `duration`, `classes_amount`, `price`, `start_sale`, `end_sale`, `id_type_class`) VALUES (13, 30, 12, 90, 44075, NULL, 3);
INSERT INTO `fitnessclub`.`memberships` (`id_membership`, `duration`, `classes_amount`, `price`, `start_sale`, `end_sale`, `id_type_class`) VALUES (15, 30, 1, 30, 44075, NULL, 2);
INSERT INTO `fitnessclub`.`memberships` (`id_membership`, `duration`, `classes_amount`, `price`, `start_sale`, `end_sale`, `id_type_class`) VALUES (16, 30, 4, 100, 44075, NULL, 2);

COMMIT;


-- -----------------------------------------------------
-- Data for table `fitnessclub`.`client_memberships`
-- -----------------------------------------------------
START TRANSACTION;
USE `fitnessclub`;
INSERT INTO `fitnessclub`.`client_memberships` (`id_client_membership`, `open_date`, `remaining_classes`, `id_user`, `id_membership`) VALUES (1, 44075, '0', 4, 8);
INSERT INTO `fitnessclub`.`client_memberships` (`id_client_membership`, `open_date`, `remaining_classes`, `id_user`, `id_membership`) VALUES (2, 44075, '0', 5, 9);
INSERT INTO `fitnessclub`.`client_memberships` (`id_client_membership`, `open_date`, `remaining_classes`, `id_user`, `id_membership`) VALUES (3, 44075, '0', 6, 7);
INSERT INTO `fitnessclub`.`client_memberships` (`id_client_membership`, `open_date`, `remaining_classes`, `id_user`, `id_membership`) VALUES (4, 44075, '0', 7, 8);
INSERT INTO `fitnessclub`.`client_memberships` (`id_client_membership`, `open_date`, `remaining_classes`, `id_user`, `id_membership`) VALUES (5, 44075, '0', 8, 8);
INSERT INTO `fitnessclub`.`client_memberships` (`id_client_membership`, `open_date`, `remaining_classes`, `id_user`, `id_membership`) VALUES (6, 44075, '0', 9, 8);
INSERT INTO `fitnessclub`.`client_memberships` (`id_client_membership`, `open_date`, `remaining_classes`, `id_user`, `id_membership`) VALUES (7, 44075, '0', 10, 8);
INSERT INTO `fitnessclub`.`client_memberships` (`id_client_membership`, `open_date`, `remaining_classes`, `id_user`, `id_membership`) VALUES (8, 44075, '0', 12, 8);
INSERT INTO `fitnessclub`.`client_memberships` (`id_client_membership`, `open_date`, `remaining_classes`, `id_user`, `id_membership`) VALUES (9, 44076, '0', 13, 9);
INSERT INTO `fitnessclub`.`client_memberships` (`id_client_membership`, `open_date`, `remaining_classes`, `id_user`, `id_membership`) VALUES (10, 44076, '0', 14, 7);
INSERT INTO `fitnessclub`.`client_memberships` (`id_client_membership`, `open_date`, `remaining_classes`, `id_user`, `id_membership`) VALUES (11, 44076, '0', 15, 8);
INSERT INTO `fitnessclub`.`client_memberships` (`id_client_membership`, `open_date`, `remaining_classes`, `id_user`, `id_membership`) VALUES (12, 44076, '0', 16, 8);
INSERT INTO `fitnessclub`.`client_memberships` (`id_client_membership`, `open_date`, `remaining_classes`, `id_user`, `id_membership`) VALUES (13, 44081, '0', 17, 8);
INSERT INTO `fitnessclub`.`client_memberships` (`id_client_membership`, `open_date`, `remaining_classes`, `id_user`, `id_membership`) VALUES (14, 44082, '0', 18, 8);
INSERT INTO `fitnessclub`.`client_memberships` (`id_client_membership`, `open_date`, `remaining_classes`, `id_user`, `id_membership`) VALUES (15, 44083, '0', 19, 8);
INSERT INTO `fitnessclub`.`client_memberships` (`id_client_membership`, `open_date`, `remaining_classes`, `id_user`, `id_membership`) VALUES (16, 44084, '1', 21, 8);
INSERT INTO `fitnessclub`.`client_memberships` (`id_client_membership`, `open_date`, `remaining_classes`, `id_user`, `id_membership`) VALUES (17, 44085, '1', 22, 8);
INSERT INTO `fitnessclub`.`client_memberships` (`id_client_membership`, `open_date`, `remaining_classes`, `id_user`, `id_membership`) VALUES (18, 44086, '1', 23, 8);
INSERT INTO `fitnessclub`.`client_memberships` (`id_client_membership`, `open_date`, `remaining_classes`, `id_user`, `id_membership`) VALUES (19, 44088, '2', 24, 8);
INSERT INTO `fitnessclub`.`client_memberships` (`id_client_membership`, `open_date`, `remaining_classes`, `id_user`, `id_membership`) VALUES (20, 44089, '3', 25, 8);
INSERT INTO `fitnessclub`.`client_memberships` (`id_client_membership`, `open_date`, `remaining_classes`, `id_user`, `id_membership`) VALUES (21, 44090, '2', 26, 8);
INSERT INTO `fitnessclub`.`client_memberships` (`id_client_membership`, `open_date`, `remaining_classes`, `id_user`, `id_membership`) VALUES (22, 44091, '4', 27, 8);
INSERT INTO `fitnessclub`.`client_memberships` (`id_client_membership`, `open_date`, `remaining_classes`, `id_user`, `id_membership`) VALUES (23, 44092, '3', 28, 8);
INSERT INTO `fitnessclub`.`client_memberships` (`id_client_membership`, `open_date`, `remaining_classes`, `id_user`, `id_membership`) VALUES (24, 44093, '2', 29, 8);
INSERT INTO `fitnessclub`.`client_memberships` (`id_client_membership`, `open_date`, `remaining_classes`, `id_user`, `id_membership`) VALUES (25, 44095, '1', 31, 8);
INSERT INTO `fitnessclub`.`client_memberships` (`id_client_membership`, `open_date`, `remaining_classes`, `id_user`, `id_membership`) VALUES (26, 44096, '5', 32, 8);
INSERT INTO `fitnessclub`.`client_memberships` (`id_client_membership`, `open_date`, `remaining_classes`, `id_user`, `id_membership`) VALUES (27, 44102, '2', 33, 8);
INSERT INTO `fitnessclub`.`client_memberships` (`id_client_membership`, `open_date`, `remaining_classes`, `id_user`, `id_membership`) VALUES (28, 44097, '7', 4, 8);
INSERT INTO `fitnessclub`.`client_memberships` (`id_client_membership`, `open_date`, `remaining_classes`, `id_user`, `id_membership`) VALUES (29, 44097, '5', 5, 9);
INSERT INTO `fitnessclub`.`client_memberships` (`id_client_membership`, `open_date`, `remaining_classes`, `id_user`, `id_membership`) VALUES (30, 44098, '3', 6, 7);
INSERT INTO `fitnessclub`.`client_memberships` (`id_client_membership`, `open_date`, `remaining_classes`, `id_user`, `id_membership`) VALUES (31, 44098, '6', 7, 8);
INSERT INTO `fitnessclub`.`client_memberships` (`id_client_membership`, `open_date`, `remaining_classes`, `id_user`, `id_membership`) VALUES (32, 44098, '6', 8, 8);
INSERT INTO `fitnessclub`.`client_memberships` (`id_client_membership`, `open_date`, `remaining_classes`, `id_user`, `id_membership`) VALUES (33, 44098, '6', 9, 8);
INSERT INTO `fitnessclub`.`client_memberships` (`id_client_membership`, `open_date`, `remaining_classes`, `id_user`, `id_membership`) VALUES (34, 44098, '6', 10, 8);
INSERT INTO `fitnessclub`.`client_memberships` (`id_client_membership`, `open_date`, `remaining_classes`, `id_user`, `id_membership`) VALUES (35, 44098, '7', 12, 8);
INSERT INTO `fitnessclub`.`client_memberships` (`id_client_membership`, `open_date`, `remaining_classes`, `id_user`, `id_membership`) VALUES (36, 44098, '10', 13, 9);
INSERT INTO `fitnessclub`.`client_memberships` (`id_client_membership`, `open_date`, `remaining_classes`, `id_user`, `id_membership`) VALUES (37, 44098, '6', 14, 12);
INSERT INTO `fitnessclub`.`client_memberships` (`id_client_membership`, `open_date`, `remaining_classes`, `id_user`, `id_membership`) VALUES (38, 44102, '7', 34, 8);
INSERT INTO `fitnessclub`.`client_memberships` (`id_client_membership`, `open_date`, `remaining_classes`, `id_user`, `id_membership`) VALUES (39, 44102, '6', 35, 8);
INSERT INTO `fitnessclub`.`client_memberships` (`id_client_membership`, `open_date`, `remaining_classes`, `id_user`, `id_membership`) VALUES (40, 44102, '10', 36, 9);
INSERT INTO `fitnessclub`.`client_memberships` (`id_client_membership`, `open_date`, `remaining_classes`, `id_user`, `id_membership`) VALUES (41, 44105, '7', 15, 8);
INSERT INTO `fitnessclub`.`client_memberships` (`id_client_membership`, `open_date`, `remaining_classes`, `id_user`, `id_membership`) VALUES (42, 44105, '7', 16, 8);
INSERT INTO `fitnessclub`.`client_memberships` (`id_client_membership`, `open_date`, `remaining_classes`, `id_user`, `id_membership`) VALUES (43, 44105, '7', 17, 8);
INSERT INTO `fitnessclub`.`client_memberships` (`id_client_membership`, `open_date`, `remaining_classes`, `id_user`, `id_membership`) VALUES (44, 44105, '7', 18, 8);
INSERT INTO `fitnessclub`.`client_memberships` (`id_client_membership`, `open_date`, `remaining_classes`, `id_user`, `id_membership`) VALUES (45, 44105, '7', 19, 8);

COMMIT;


-- -----------------------------------------------------
-- Data for table `fitnessclub`.`workout_levels`
-- -----------------------------------------------------
START TRANSACTION;
USE `fitnessclub`;
INSERT INTO `fitnessclub`.`workout_levels` (`id_workout_level`, `level_name`) VALUES (1, 'low');
INSERT INTO `fitnessclub`.`workout_levels` (`id_workout_level`, `level_name`) VALUES (2, 'middle');
INSERT INTO `fitnessclub`.`workout_levels` (`id_workout_level`, `level_name`) VALUES (3, 'high');

COMMIT;


-- -----------------------------------------------------
-- Data for table `fitnessclub`.`workouts`
-- -----------------------------------------------------
START TRANSACTION;
USE `fitnessclub`;
INSERT INTO `fitnessclub`.`workouts` (`id_workout`, `name_workout`, `id_workout_level`, `description`) VALUES (1, 'Pilates', 1, 'Пилатес – комплекс динамичных, но не резких упражнений, направленных на развитие эластичности позвоночника, проработку всех мышц, связок и суставов. К тому же, это действенный способ убрать лишние сантиметры и килограммы!\nГлавная отличительная черта – отсутствие ограничений: такие тренировки полезны и детям, и взрослым, и даже беременным женщинам. Пилатес – это:\nодновременно изоляционное и комплексное влияние тренировок на тело. Каждое упражнение направлено на нагрузку сразу нескольких групп мышц, а это заменяет целый комплекс занятий;\nулучшение координации и стабилизация позвоночника. Здесь работает принцип «чем медленнее, тем действеннее»: нагрузка дается дозированно и не приводит к переутомлению организма. Каждый подбирает для себя темп индивидуально;\nтренировка силы «изнутри». Проработка «медленных» мышц, которые держат внутренние органы и скелет;\nбезусловная польза для женщин: упражнения направлены на укрепление мышц таза и проработку проблемных зон. Это помогает при родах и в процессе послеродового восстановления;\nрастягивание. Хорошая растяжка – важный элемент пилатеса: она помогает восстановить мышцы после интенсивных нагрузок, развить гибкость и убрать скованность движений;\nособое дыхание. В процессе тренировки воздухом наполняется нижняя часть легких и все мышцы, которые задействованы при выполнении определенного упражнения, насыщаются кислородом.');
INSERT INTO `fitnessclub`.`workouts` (`id_workout`, `name_workout`, `id_workout_level`, `description`) VALUES (2, 'Total body', 2, 'Total body - cовокупность силовых упражнений, выполняемых по разнообразным сценариям и проработка всех групп мышц, обеспечение интенсивного сжигания калорий.\nПодходит для людей c любым уровнем физподготовки.');
INSERT INTO `fitnessclub`.`workouts` (`id_workout`, `name_workout`, `id_workout_level`, `description`) VALUES (3, 'Step', 2, 'STEP — это разновидность аэробных программ с элементами танцев и использованием степ-платформы. … Программы сочетают лучшие черты аэробики, степ-фитнеса и танцев и являются эффективным средством для похудения и приведения тела в отличную спортивную форму.\nSTEP: танцуй, чтобы похудеть!\nНе тратьте время зря — расставляйте акценты и как можно скорее начинайте преобразовывать проблемные зоны в достоинства!');
INSERT INTO `fitnessclub`.`workouts` (`id_workout`, `name_workout`, `id_workout_level`, `description`) VALUES (4, 'PUMP', 3, 'PUMP — это интенсивная тренировка с мини-штангой, разработанная группой известных фитнес-тренеров Les Mills. PUMP — жиросжигающая тренировка на все тело (спина, руки, грудь, ноги, ягодицы, пресс) сочетает в себе силовую и аэробную нагрузку, проходит в высоком темпе и с большим количеством повторений упражнений, поэтому не только поможет вам похудеть, но и сделает ваше тело подтянутым и рельефным! Результат просто ошеломительный, и тысячи последователей программы являются ярким тому подтверждением.\n Преимущества «BODY PUMP»:\nтренировка универсальна как для мужчин, так и для женщин\nвы сами регулируете нагрузку, меняя вес штанги\nтехника выполнения упражнений тщательно контролируется профессиональным инструктором\nна тренировке невозможно «перекачаться», зато возможно обрести рельефное тело мечты');
INSERT INTO `fitnessclub`.`workouts` (`id_workout`, `name_workout`, `id_workout_level`, `description`) VALUES (5, 'Interval training', 3, 'Уже пробовали пилатес или аэробику? Ваш стиль тренировок больше не дает результата? Или вы достаточно хорошо подготовлены физически, но хотите быстро сбросить вес? Тогда попробуйте интервальную тренировку! \nМетод Interval training дает вам возможность скинуть лишние килограммы и сантиметры за месяц. Благодаря высокой нагрузке и чередованию различных упражнений интервальные занятия:\nускорят метаболизм не только на время тренировки, но и в течение 24 часов после нее;\nпомогут равномерно проработать все группы мышц;\nпозволят дать новую нагрузку на сердечно-сосудистую систему;\nулучшат выносливость и помогут легче справляться с кардио упражнениями средней интенсивности.\nИнтервальные тренировки проводятся на групповых занятиях. Тренеры рекомендуют посещать не более 2-3 занятий в неделю, а по возможности чередовать их с нагрузкой средней интенсивности или спокойными упражнениями. Поскольку Interval training – это:\n40-50 минут постоянной интенсивной нагрузки в высоком темпе;\nчередование активных периодов (20-30 сек) и коротких периодов отдыха (10 сек);\nчередование упражнений на разные группы мышц;\nдискомфорт, пот, усталость и огромная гордость за свою силу воли после выполнения тренировки.');
INSERT INTO `fitnessclub`.`workouts` (`id_workout`, `name_workout`, `id_workout_level`, `description`) VALUES (6, 'Fitness Mix', 2, 'Не можете определиться с направлением для тренировок? Выбирайте все сразу: ждем вас на занятиях Fitness Mix! Fitness Mix – это взрывное сочетание всего лучшего из мира фитнеса. Занятия включают силовую, аэробную нагрузку, stretching, калланетику. Fitness Mix – для тех, кто стремится к гармоничному развитию и улучшению физической формы! \nТакие тренировки – отличная возможность улучшить координацию движений, повысить выносливость организма и обрести хорошую фигуру: сбросить лишний вес, проработать и скорректировать проблемные места. В процессе тренировки работают различные группы мышц, поэтому достигается максимальный эффект.\nТренировка состоит из нескольких блоков:\nРазминка: для разогрева мышц и подготовки к следующим нагрузкам.\nОсновная часть: силовой блок и аэробная тренировка, калланетика, элементы пилатеса.\nЗаминка. Stretching и расслабление всех групп мышц.\nТренировка проходит под руководством профессионального инструктора: он следит за всеми участницами и контролирует, чтобы все элементы выполнялись правильно.\nБлагодаря Fitness Mix теперь вам не нужно выделять отдельный день для растяжки, подбирать специальные комплексы упражнений «на верх» и «на низ»: всё это мы уже собрали в нашей программе!');
INSERT INTO `fitnessclub`.`workouts` (`id_workout`, `name_workout`, `id_workout_level`, `description`) VALUES (7, 'Stretching', 1, 'Мечтаете развить гибкость тела, растяжку связок и мышц? Мечтаете о красивой осанке? Приходите на занятия по стретчингу! Стретчинг развивает грациозность тела, подвижность и гибкость суставов и мышц. Такие занятия подходят новичкам, увеличивают результат тренировок (кардио- и силовых). Регулярные занятия стретчингом нормализуют работу сердечно-сосудистой системы и ускоряют обмен веществ, улучшают работу всего организма в целом.\nМы предлагаем 2 вида занятий:\nСтатистические. Комплекс статических упражнений готовит к более серьезным нагрузкам, развивает координацию, делает кожу более упругой. Подходит, если раньше вы не занимались растяжкой и другими спортивными нагрузками. Методика основана на плавных движения и удержании различных поз в течение 30 секунд.\nСиловые. Подходит тем, кто раньше занимался растяжкой и имеет спортивную подготовку. Предназначен для профессиональных и полупрофессиональных спортсменов. Такая растяжка снижает риск получить травму во время спортивных нагрузок, обеспечивает правильное формирование ткани мышц, увеличивает эффект от силовых тренировок.\nУже через 3 месяца регулярных тренировок вы увидите результат: повысится выносливость и тело придет в тонус.');
INSERT INTO `fitnessclub`.`workouts` (`id_workout`, `name_workout`, `id_workout_level`, `description`) VALUES (8, 'Body sculpt', 2, 'Ищете тип занятий, с которыми ваша фигура станет стройной и спортивной, а выносливость и уровень физической подготовки вырастут? Выбирайте занятия силовой аэробикой Body Sculpt! Упражнения подойдут для людей любого возраста и физической подготовки, причем:\nзанятия проходят в спокойном ритме, благодаря чему укрепляют мышцы, но не приводят к их росту;\nупражнения ускоряют метаболизм, положительно влияют на сердечно-сосудистую систему, укрепляют здоровье;\nулучшается гибкость и эластичность мышц, нормализуется осанка.');
INSERT INTO `fitnessclub`.`workouts` (`id_workout`, `name_workout`, `id_workout_level`, `description`) VALUES (9, 'Functional training', 3, 'Выбираете силовые тренировки и хотите развить координацию, а также выносливость и мышечную силу? Функциональный тренинг – то, что вам нужно! На тренировках вы:\nнаучитесь гармонично двигаться;\nпроработаете все группы мышц;\nсбросите лишний вес.\nВ тренировку входят:\nбег и ходьба с тренажерами;\nупражнения, которые имитируют ежедневные действия;\nдополнительный разогрев мышц.\nЗаниматься функциональный тренингом можно с любым уровнем подготовки. На занятиях длительностью 55 минут используются мячи, свободные веса или гантели. Движения, которые вы совершаете во время тренировок, похожи на повседневные, поэтому вы:\nснимете напряжение в суставах;\nснизите вероятность получения травм;\nпроработаете все мышцы, включая глубокие.');

COMMIT;


-- -----------------------------------------------------
-- Data for table `fitnessclub`.`halls`
-- -----------------------------------------------------
START TRANSACTION;
USE `fitnessclub`;
INSERT INTO `fitnessclub`.`halls` (`id_hall`, `name_hall`, `square`, `dumbell_amount`, `step_amount`, `mat_amount`, `barbell_amount`, `fitball_amount`, `bodybar_amount`) VALUES (1, 'Большой', 48, 100, 20, 40, 15, 20, 40);
INSERT INTO `fitnessclub`.`halls` (`id_hall`, `name_hall`, `square`, `dumbell_amount`, `step_amount`, `mat_amount`, `barbell_amount`, `fitball_amount`, `bodybar_amount`) VALUES (2, 'Малый', 20, 50, 10, 20, 0, 0, 20);

COMMIT;


-- -----------------------------------------------------
-- Data for table `fitnessclub`.`schedules`
-- -----------------------------------------------------
START TRANSACTION;
USE `fitnessclub`;
INSERT INTO `fitnessclub`.`schedules` (`id_schedule`, `start_date`, `start_time`, `duration`, `capacity`, `id_workout`, `id_hall`, `id_instructor`) VALUES (1, 44070, 1800, 55, 15, 8, 1, 2);
INSERT INTO `fitnessclub`.`schedules` (`id_schedule`, `start_date`, `start_time`, `duration`, `capacity`, `id_workout`, `id_hall`, `id_instructor`) VALUES (2, 44070, 1900, 55, 15, 3, 1, 2);
INSERT INTO `fitnessclub`.`schedules` (`id_schedule`, `start_date`, `start_time`, `duration`, `capacity`, `id_workout`, `id_hall`, `id_instructor`) VALUES (3, 44070, 2000, 55, 12, 4, 1, 2);
INSERT INTO `fitnessclub`.`schedules` (`id_schedule`, `start_date`, `start_time`, `duration`, `capacity`, `id_workout`, `id_hall`, `id_instructor`) VALUES (4, 44071, 1800, 55, 15, 1, 1, 3);
INSERT INTO `fitnessclub`.`schedules` (`id_schedule`, `start_date`, `start_time`, `duration`, `capacity`, `id_workout`, `id_hall`, `id_instructor`) VALUES (5, 44071, 1900, 55, 15, 9, 1, 3);
INSERT INTO `fitnessclub`.`schedules` (`id_schedule`, `start_date`, `start_time`, `duration`, `capacity`, `id_workout`, `id_hall`, `id_instructor`) VALUES (6, 44071, 2000, 55, 15, 8, 1, 3);
INSERT INTO `fitnessclub`.`schedules` (`id_schedule`, `start_date`, `start_time`, `duration`, `capacity`, `id_workout`, `id_hall`, `id_instructor`) VALUES (7, 44074, 1800, 55, 15, 3, 1, 2);
INSERT INTO `fitnessclub`.`schedules` (`id_schedule`, `start_date`, `start_time`, `duration`, `capacity`, `id_workout`, `id_hall`, `id_instructor`) VALUES (8, 44074, 1900, 55, 12, 4, 1, 2);
INSERT INTO `fitnessclub`.`schedules` (`id_schedule`, `start_date`, `start_time`, `duration`, `capacity`, `id_workout`, `id_hall`, `id_instructor`) VALUES (9, 44074, 2000, 55, 15, 5, 1, 2);
INSERT INTO `fitnessclub`.`schedules` (`id_schedule`, `start_date`, `start_time`, `duration`, `capacity`, `id_workout`, `id_hall`, `id_instructor`) VALUES (10, 44075, 1800, 55, 12, 4, 1, 2);
INSERT INTO `fitnessclub`.`schedules` (`id_schedule`, `start_date`, `start_time`, `duration`, `capacity`, `id_workout`, `id_hall`, `id_instructor`) VALUES (11, 44075, 1900, 55, 15, 3, 1, 2);
INSERT INTO `fitnessclub`.`schedules` (`id_schedule`, `start_date`, `start_time`, `duration`, `capacity`, `id_workout`, `id_hall`, `id_instructor`) VALUES (12, 44075, 2000, 55, 15, 5, 1, 2);
INSERT INTO `fitnessclub`.`schedules` (`id_schedule`, `start_date`, `start_time`, `duration`, `capacity`, `id_workout`, `id_hall`, `id_instructor`) VALUES (13, 44076, 1800, 55, 15, 1, 1, 3);
INSERT INTO `fitnessclub`.`schedules` (`id_schedule`, `start_date`, `start_time`, `duration`, `capacity`, `id_workout`, `id_hall`, `id_instructor`) VALUES (14, 44076, 1900, 55, 15, 5, 1, 3);
INSERT INTO `fitnessclub`.`schedules` (`id_schedule`, `start_date`, `start_time`, `duration`, `capacity`, `id_workout`, `id_hall`, `id_instructor`) VALUES (15, 44076, 2000, 55, 15, 8, 1, 3);
INSERT INTO `fitnessclub`.`schedules` (`id_schedule`, `start_date`, `start_time`, `duration`, `capacity`, `id_workout`, `id_hall`, `id_instructor`) VALUES (16, 44077, 1800, 55, 15, 8, 1, 2);
INSERT INTO `fitnessclub`.`schedules` (`id_schedule`, `start_date`, `start_time`, `duration`, `capacity`, `id_workout`, `id_hall`, `id_instructor`) VALUES (17, 44077, 1900, 55, 15, 3, 1, 2);
INSERT INTO `fitnessclub`.`schedules` (`id_schedule`, `start_date`, `start_time`, `duration`, `capacity`, `id_workout`, `id_hall`, `id_instructor`) VALUES (18, 44077, 2000, 55, 12, 4, 1, 2);
INSERT INTO `fitnessclub`.`schedules` (`id_schedule`, `start_date`, `start_time`, `duration`, `capacity`, `id_workout`, `id_hall`, `id_instructor`) VALUES (19, 44078, 1800, 55, 15, 1, 1, 3);
INSERT INTO `fitnessclub`.`schedules` (`id_schedule`, `start_date`, `start_time`, `duration`, `capacity`, `id_workout`, `id_hall`, `id_instructor`) VALUES (20, 44078, 1900, 55, 15, 9, 1, 3);
INSERT INTO `fitnessclub`.`schedules` (`id_schedule`, `start_date`, `start_time`, `duration`, `capacity`, `id_workout`, `id_hall`, `id_instructor`) VALUES (21, 44078, 2000, 55, 15, 8, 1, 3);
INSERT INTO `fitnessclub`.`schedules` (`id_schedule`, `start_date`, `start_time`, `duration`, `capacity`, `id_workout`, `id_hall`, `id_instructor`) VALUES (22, 44081, 1800, 55, 15, 3, 1, 2);
INSERT INTO `fitnessclub`.`schedules` (`id_schedule`, `start_date`, `start_time`, `duration`, `capacity`, `id_workout`, `id_hall`, `id_instructor`) VALUES (23, 44081, 1900, 55, 12, 4, 1, 2);
INSERT INTO `fitnessclub`.`schedules` (`id_schedule`, `start_date`, `start_time`, `duration`, `capacity`, `id_workout`, `id_hall`, `id_instructor`) VALUES (24, 44081, 2000, 55, 15, 5, 1, 2);
INSERT INTO `fitnessclub`.`schedules` (`id_schedule`, `start_date`, `start_time`, `duration`, `capacity`, `id_workout`, `id_hall`, `id_instructor`) VALUES (25, 44082, 1800, 55, 12, 4, 1, 2);
INSERT INTO `fitnessclub`.`schedules` (`id_schedule`, `start_date`, `start_time`, `duration`, `capacity`, `id_workout`, `id_hall`, `id_instructor`) VALUES (26, 44082, 1900, 55, 15, 3, 1, 2);
INSERT INTO `fitnessclub`.`schedules` (`id_schedule`, `start_date`, `start_time`, `duration`, `capacity`, `id_workout`, `id_hall`, `id_instructor`) VALUES (27, 44082, 2000, 55, 15, 5, 1, 2);
INSERT INTO `fitnessclub`.`schedules` (`id_schedule`, `start_date`, `start_time`, `duration`, `capacity`, `id_workout`, `id_hall`, `id_instructor`) VALUES (28, 44083, 1800, 55, 15, 1, 1, 3);
INSERT INTO `fitnessclub`.`schedules` (`id_schedule`, `start_date`, `start_time`, `duration`, `capacity`, `id_workout`, `id_hall`, `id_instructor`) VALUES (29, 44083, 1900, 55, 15, 5, 1, 3);
INSERT INTO `fitnessclub`.`schedules` (`id_schedule`, `start_date`, `start_time`, `duration`, `capacity`, `id_workout`, `id_hall`, `id_instructor`) VALUES (30, 44083, 2000, 55, 15, 8, 1, 3);
INSERT INTO `fitnessclub`.`schedules` (`id_schedule`, `start_date`, `start_time`, `duration`, `capacity`, `id_workout`, `id_hall`, `id_instructor`) VALUES (31, 44084, 1800, 55, 15, 8, 1, 2);
INSERT INTO `fitnessclub`.`schedules` (`id_schedule`, `start_date`, `start_time`, `duration`, `capacity`, `id_workout`, `id_hall`, `id_instructor`) VALUES (32, 44084, 1900, 55, 15, 3, 1, 2);
INSERT INTO `fitnessclub`.`schedules` (`id_schedule`, `start_date`, `start_time`, `duration`, `capacity`, `id_workout`, `id_hall`, `id_instructor`) VALUES (33, 44084, 2000, 55, 12, 4, 1, 2);
INSERT INTO `fitnessclub`.`schedules` (`id_schedule`, `start_date`, `start_time`, `duration`, `capacity`, `id_workout`, `id_hall`, `id_instructor`) VALUES (34, 44085, 1800, 55, 15, 1, 1, 3);
INSERT INTO `fitnessclub`.`schedules` (`id_schedule`, `start_date`, `start_time`, `duration`, `capacity`, `id_workout`, `id_hall`, `id_instructor`) VALUES (35, 44085, 1900, 55, 15, 9, 1, 3);
INSERT INTO `fitnessclub`.`schedules` (`id_schedule`, `start_date`, `start_time`, `duration`, `capacity`, `id_workout`, `id_hall`, `id_instructor`) VALUES (36, 44085, 2000, 55, 15, 8, 1, 3);
INSERT INTO `fitnessclub`.`schedules` (`id_schedule`, `start_date`, `start_time`, `duration`, `capacity`, `id_workout`, `id_hall`, `id_instructor`) VALUES (37, 44088, 1800, 55, 15, 3, 1, 2);
INSERT INTO `fitnessclub`.`schedules` (`id_schedule`, `start_date`, `start_time`, `duration`, `capacity`, `id_workout`, `id_hall`, `id_instructor`) VALUES (38, 44088, 1900, 55, 12, 4, 1, 2);
INSERT INTO `fitnessclub`.`schedules` (`id_schedule`, `start_date`, `start_time`, `duration`, `capacity`, `id_workout`, `id_hall`, `id_instructor`) VALUES (39, 44088, 2000, 55, 15, 5, 1, 2);
INSERT INTO `fitnessclub`.`schedules` (`id_schedule`, `start_date`, `start_time`, `duration`, `capacity`, `id_workout`, `id_hall`, `id_instructor`) VALUES (40, 44089, 1800, 55, 12, 4, 1, 2);
INSERT INTO `fitnessclub`.`schedules` (`id_schedule`, `start_date`, `start_time`, `duration`, `capacity`, `id_workout`, `id_hall`, `id_instructor`) VALUES (41, 44089, 1900, 55, 15, 3, 1, 2);
INSERT INTO `fitnessclub`.`schedules` (`id_schedule`, `start_date`, `start_time`, `duration`, `capacity`, `id_workout`, `id_hall`, `id_instructor`) VALUES (42, 44089, 2000, 55, 15, 5, 1, 2);
INSERT INTO `fitnessclub`.`schedules` (`id_schedule`, `start_date`, `start_time`, `duration`, `capacity`, `id_workout`, `id_hall`, `id_instructor`) VALUES (43, 44090, 1800, 55, 15, 1, 1, 3);
INSERT INTO `fitnessclub`.`schedules` (`id_schedule`, `start_date`, `start_time`, `duration`, `capacity`, `id_workout`, `id_hall`, `id_instructor`) VALUES (44, 44090, 1900, 55, 15, 5, 1, 3);
INSERT INTO `fitnessclub`.`schedules` (`id_schedule`, `start_date`, `start_time`, `duration`, `capacity`, `id_workout`, `id_hall`, `id_instructor`) VALUES (45, 44090, 2000, 55, 15, 8, 1, 3);
INSERT INTO `fitnessclub`.`schedules` (`id_schedule`, `start_date`, `start_time`, `duration`, `capacity`, `id_workout`, `id_hall`, `id_instructor`) VALUES (46, 44091, 1800, 55, 15, 8, 1, 2);
INSERT INTO `fitnessclub`.`schedules` (`id_schedule`, `start_date`, `start_time`, `duration`, `capacity`, `id_workout`, `id_hall`, `id_instructor`) VALUES (47, 44091, 1900, 55, 15, 3, 1, 2);
INSERT INTO `fitnessclub`.`schedules` (`id_schedule`, `start_date`, `start_time`, `duration`, `capacity`, `id_workout`, `id_hall`, `id_instructor`) VALUES (48, 44091, 2000, 55, 12, 4, 1, 2);
INSERT INTO `fitnessclub`.`schedules` (`id_schedule`, `start_date`, `start_time`, `duration`, `capacity`, `id_workout`, `id_hall`, `id_instructor`) VALUES (49, 44092, 1800, 55, 15, 1, 1, 3);
INSERT INTO `fitnessclub`.`schedules` (`id_schedule`, `start_date`, `start_time`, `duration`, `capacity`, `id_workout`, `id_hall`, `id_instructor`) VALUES (50, 44092, 1900, 55, 15, 9, 1, 3);
INSERT INTO `fitnessclub`.`schedules` (`id_schedule`, `start_date`, `start_time`, `duration`, `capacity`, `id_workout`, `id_hall`, `id_instructor`) VALUES (51, 44092, 2000, 55, 15, 8, 1, 3);
INSERT INTO `fitnessclub`.`schedules` (`id_schedule`, `start_date`, `start_time`, `duration`, `capacity`, `id_workout`, `id_hall`, `id_instructor`) VALUES (52, 44095, 1800, 55, 15, 3, 1, 2);
INSERT INTO `fitnessclub`.`schedules` (`id_schedule`, `start_date`, `start_time`, `duration`, `capacity`, `id_workout`, `id_hall`, `id_instructor`) VALUES (53, 44095, 1900, 55, 12, 4, 1, 2);
INSERT INTO `fitnessclub`.`schedules` (`id_schedule`, `start_date`, `start_time`, `duration`, `capacity`, `id_workout`, `id_hall`, `id_instructor`) VALUES (54, 44095, 2000, 55, 15, 5, 1, 2);
INSERT INTO `fitnessclub`.`schedules` (`id_schedule`, `start_date`, `start_time`, `duration`, `capacity`, `id_workout`, `id_hall`, `id_instructor`) VALUES (55, 44096, 1800, 55, 12, 4, 1, 2);
INSERT INTO `fitnessclub`.`schedules` (`id_schedule`, `start_date`, `start_time`, `duration`, `capacity`, `id_workout`, `id_hall`, `id_instructor`) VALUES (56, 44096, 1900, 55, 15, 3, 1, 2);
INSERT INTO `fitnessclub`.`schedules` (`id_schedule`, `start_date`, `start_time`, `duration`, `capacity`, `id_workout`, `id_hall`, `id_instructor`) VALUES (57, 44096, 2000, 55, 15, 5, 1, 2);
INSERT INTO `fitnessclub`.`schedules` (`id_schedule`, `start_date`, `start_time`, `duration`, `capacity`, `id_workout`, `id_hall`, `id_instructor`) VALUES (58, 44097, 1800, 55, 15, 1, 1, 3);
INSERT INTO `fitnessclub`.`schedules` (`id_schedule`, `start_date`, `start_time`, `duration`, `capacity`, `id_workout`, `id_hall`, `id_instructor`) VALUES (59, 44097, 1900, 55, 15, 5, 1, 3);
INSERT INTO `fitnessclub`.`schedules` (`id_schedule`, `start_date`, `start_time`, `duration`, `capacity`, `id_workout`, `id_hall`, `id_instructor`) VALUES (60, 44097, 2000, 55, 15, 8, 1, 3);
INSERT INTO `fitnessclub`.`schedules` (`id_schedule`, `start_date`, `start_time`, `duration`, `capacity`, `id_workout`, `id_hall`, `id_instructor`) VALUES (61, 44098, 1800, 55, 15, 8, 1, 2);
INSERT INTO `fitnessclub`.`schedules` (`id_schedule`, `start_date`, `start_time`, `duration`, `capacity`, `id_workout`, `id_hall`, `id_instructor`) VALUES (62, 44098, 1900, 55, 15, 3, 1, 2);
INSERT INTO `fitnessclub`.`schedules` (`id_schedule`, `start_date`, `start_time`, `duration`, `capacity`, `id_workout`, `id_hall`, `id_instructor`) VALUES (63, 44098, 2000, 55, 12, 4, 1, 2);
INSERT INTO `fitnessclub`.`schedules` (`id_schedule`, `start_date`, `start_time`, `duration`, `capacity`, `id_workout`, `id_hall`, `id_instructor`) VALUES (64, 44099, 1800, 55, 15, 1, 1, 3);
INSERT INTO `fitnessclub`.`schedules` (`id_schedule`, `start_date`, `start_time`, `duration`, `capacity`, `id_workout`, `id_hall`, `id_instructor`) VALUES (65, 44099, 1900, 55, 15, 9, 1, 3);
INSERT INTO `fitnessclub`.`schedules` (`id_schedule`, `start_date`, `start_time`, `duration`, `capacity`, `id_workout`, `id_hall`, `id_instructor`) VALUES (66, 44099, 2000, 55, 15, 8, 1, 3);
INSERT INTO `fitnessclub`.`schedules` (`id_schedule`, `start_date`, `start_time`, `duration`, `capacity`, `id_workout`, `id_hall`, `id_instructor`) VALUES (67, 44102, 1800, 55, 15, 3, 1, 2);
INSERT INTO `fitnessclub`.`schedules` (`id_schedule`, `start_date`, `start_time`, `duration`, `capacity`, `id_workout`, `id_hall`, `id_instructor`) VALUES (68, 44102, 1900, 55, 12, 4, 1, 2);
INSERT INTO `fitnessclub`.`schedules` (`id_schedule`, `start_date`, `start_time`, `duration`, `capacity`, `id_workout`, `id_hall`, `id_instructor`) VALUES (69, 44102, 2000, 55, 15, 5, 1, 2);
INSERT INTO `fitnessclub`.`schedules` (`id_schedule`, `start_date`, `start_time`, `duration`, `capacity`, `id_workout`, `id_hall`, `id_instructor`) VALUES (70, 44103, 1800, 55, 12, 4, 1, 2);
INSERT INTO `fitnessclub`.`schedules` (`id_schedule`, `start_date`, `start_time`, `duration`, `capacity`, `id_workout`, `id_hall`, `id_instructor`) VALUES (71, 44103, 1900, 55, 15, 3, 1, 2);
INSERT INTO `fitnessclub`.`schedules` (`id_schedule`, `start_date`, `start_time`, `duration`, `capacity`, `id_workout`, `id_hall`, `id_instructor`) VALUES (72, 44103, 2000, 55, 15, 5, 1, 2);
INSERT INTO `fitnessclub`.`schedules` (`id_schedule`, `start_date`, `start_time`, `duration`, `capacity`, `id_workout`, `id_hall`, `id_instructor`) VALUES (73, 44104, 1800, 55, 15, 1, 1, 3);
INSERT INTO `fitnessclub`.`schedules` (`id_schedule`, `start_date`, `start_time`, `duration`, `capacity`, `id_workout`, `id_hall`, `id_instructor`) VALUES (74, 44104, 1900, 55, 15, 5, 1, 3);
INSERT INTO `fitnessclub`.`schedules` (`id_schedule`, `start_date`, `start_time`, `duration`, `capacity`, `id_workout`, `id_hall`, `id_instructor`) VALUES (75, 44104, 2000, 55, 15, 8, 1, 3);
INSERT INTO `fitnessclub`.`schedules` (`id_schedule`, `start_date`, `start_time`, `duration`, `capacity`, `id_workout`, `id_hall`, `id_instructor`) VALUES (76, 44105, 1800, 55, 15, 8, 1, 2);
INSERT INTO `fitnessclub`.`schedules` (`id_schedule`, `start_date`, `start_time`, `duration`, `capacity`, `id_workout`, `id_hall`, `id_instructor`) VALUES (77, 44105, 1900, 55, 15, 3, 1, 2);
INSERT INTO `fitnessclub`.`schedules` (`id_schedule`, `start_date`, `start_time`, `duration`, `capacity`, `id_workout`, `id_hall`, `id_instructor`) VALUES (78, 44105, 2000, 55, 12, 4, 1, 2);
INSERT INTO `fitnessclub`.`schedules` (`id_schedule`, `start_date`, `start_time`, `duration`, `capacity`, `id_workout`, `id_hall`, `id_instructor`) VALUES (79, 44106, 1800, 55, 15, 1, 1, 3);
INSERT INTO `fitnessclub`.`schedules` (`id_schedule`, `start_date`, `start_time`, `duration`, `capacity`, `id_workout`, `id_hall`, `id_instructor`) VALUES (80, 44106, 1900, 55, 15, 9, 1, 3);
INSERT INTO `fitnessclub`.`schedules` (`id_schedule`, `start_date`, `start_time`, `duration`, `capacity`, `id_workout`, `id_hall`, `id_instructor`) VALUES (81, 44106, 2000, 55, 15, 8, 1, 3);
INSERT INTO `fitnessclub`.`schedules` (`id_schedule`, `start_date`, `start_time`, `duration`, `capacity`, `id_workout`, `id_hall`, `id_instructor`) VALUES (82, 44109, 1800, 55, 15, 3, 1, 2);
INSERT INTO `fitnessclub`.`schedules` (`id_schedule`, `start_date`, `start_time`, `duration`, `capacity`, `id_workout`, `id_hall`, `id_instructor`) VALUES (83, 44109, 1900, 55, 12, 4, 1, 2);
INSERT INTO `fitnessclub`.`schedules` (`id_schedule`, `start_date`, `start_time`, `duration`, `capacity`, `id_workout`, `id_hall`, `id_instructor`) VALUES (84, 44109, 2000, 55, 15, 5, 1, 2);
INSERT INTO `fitnessclub`.`schedules` (`id_schedule`, `start_date`, `start_time`, `duration`, `capacity`, `id_workout`, `id_hall`, `id_instructor`) VALUES (85, 44110, 1800, 55, 12, 4, 1, 2);
INSERT INTO `fitnessclub`.`schedules` (`id_schedule`, `start_date`, `start_time`, `duration`, `capacity`, `id_workout`, `id_hall`, `id_instructor`) VALUES (86, 44110, 1900, 55, 15, 3, 1, 2);
INSERT INTO `fitnessclub`.`schedules` (`id_schedule`, `start_date`, `start_time`, `duration`, `capacity`, `id_workout`, `id_hall`, `id_instructor`) VALUES (87, 44110, 2000, 55, 15, 5, 1, 2);
INSERT INTO `fitnessclub`.`schedules` (`id_schedule`, `start_date`, `start_time`, `duration`, `capacity`, `id_workout`, `id_hall`, `id_instructor`) VALUES (88, 44111, 1800, 55, 15, 1, 1, 3);
INSERT INTO `fitnessclub`.`schedules` (`id_schedule`, `start_date`, `start_time`, `duration`, `capacity`, `id_workout`, `id_hall`, `id_instructor`) VALUES (89, 44111, 1900, 55, 15, 5, 1, 3);
INSERT INTO `fitnessclub`.`schedules` (`id_schedule`, `start_date`, `start_time`, `duration`, `capacity`, `id_workout`, `id_hall`, `id_instructor`) VALUES (90, 44111, 2000, 55, 15, 8, 1, 3);
INSERT INTO `fitnessclub`.`schedules` (`id_schedule`, `start_date`, `start_time`, `duration`, `capacity`, `id_workout`, `id_hall`, `id_instructor`) VALUES (91, 44112, 1800, 55, 15, 8, 1, 2);
INSERT INTO `fitnessclub`.`schedules` (`id_schedule`, `start_date`, `start_time`, `duration`, `capacity`, `id_workout`, `id_hall`, `id_instructor`) VALUES (92, 44112, 1900, 55, 15, 3, 1, 2);
INSERT INTO `fitnessclub`.`schedules` (`id_schedule`, `start_date`, `start_time`, `duration`, `capacity`, `id_workout`, `id_hall`, `id_instructor`) VALUES (93, 44112, 2000, 55, 12, 4, 1, 2);
INSERT INTO `fitnessclub`.`schedules` (`id_schedule`, `start_date`, `start_time`, `duration`, `capacity`, `id_workout`, `id_hall`, `id_instructor`) VALUES (94, 44113, 1800, 55, 15, 1, 1, 3);
INSERT INTO `fitnessclub`.`schedules` (`id_schedule`, `start_date`, `start_time`, `duration`, `capacity`, `id_workout`, `id_hall`, `id_instructor`) VALUES (95, 44113, 1900, 55, 15, 9, 1, 3);
INSERT INTO `fitnessclub`.`schedules` (`id_schedule`, `start_date`, `start_time`, `duration`, `capacity`, `id_workout`, `id_hall`, `id_instructor`) VALUES (96, 44113, 2000, 55, 15, 8, 1, 3);
INSERT INTO `fitnessclub`.`schedules` (`id_schedule`, `start_date`, `start_time`, `duration`, `capacity`, `id_workout`, `id_hall`, `id_instructor`) VALUES (97, 44116, 1800, 55, 15, 3, 1, 2);
INSERT INTO `fitnessclub`.`schedules` (`id_schedule`, `start_date`, `start_time`, `duration`, `capacity`, `id_workout`, `id_hall`, `id_instructor`) VALUES (98, 44116, 1900, 55, 12, 4, 1, 2);
INSERT INTO `fitnessclub`.`schedules` (`id_schedule`, `start_date`, `start_time`, `duration`, `capacity`, `id_workout`, `id_hall`, `id_instructor`) VALUES (99, 44116, 2000, 55, 15, 5, 1, 2);
INSERT INTO `fitnessclub`.`schedules` (`id_schedule`, `start_date`, `start_time`, `duration`, `capacity`, `id_workout`, `id_hall`, `id_instructor`) VALUES (100, 44117, 1800, 55, 12, 4, 1, 2);
INSERT INTO `fitnessclub`.`schedules` (`id_schedule`, `start_date`, `start_time`, `duration`, `capacity`, `id_workout`, `id_hall`, `id_instructor`) VALUES (101, 44117, 1900, 55, 15, 3, 1, 2);
INSERT INTO `fitnessclub`.`schedules` (`id_schedule`, `start_date`, `start_time`, `duration`, `capacity`, `id_workout`, `id_hall`, `id_instructor`) VALUES (102, 44117, 2000, 55, 15, 5, 1, 2);
INSERT INTO `fitnessclub`.`schedules` (`id_schedule`, `start_date`, `start_time`, `duration`, `capacity`, `id_workout`, `id_hall`, `id_instructor`) VALUES (103, 44118, 1800, 55, 15, 1, 1, 3);
INSERT INTO `fitnessclub`.`schedules` (`id_schedule`, `start_date`, `start_time`, `duration`, `capacity`, `id_workout`, `id_hall`, `id_instructor`) VALUES (104, 44118, 1900, 55, 15, 5, 1, 3);
INSERT INTO `fitnessclub`.`schedules` (`id_schedule`, `start_date`, `start_time`, `duration`, `capacity`, `id_workout`, `id_hall`, `id_instructor`) VALUES (105, 44118, 2000, 55, 15, 8, 1, 3);
INSERT INTO `fitnessclub`.`schedules` (`id_schedule`, `start_date`, `start_time`, `duration`, `capacity`, `id_workout`, `id_hall`, `id_instructor`) VALUES (106, 44119, 1800, 55, 15, 8, 1, 2);
INSERT INTO `fitnessclub`.`schedules` (`id_schedule`, `start_date`, `start_time`, `duration`, `capacity`, `id_workout`, `id_hall`, `id_instructor`) VALUES (107, 44119, 1900, 55, 15, 3, 1, 2);
INSERT INTO `fitnessclub`.`schedules` (`id_schedule`, `start_date`, `start_time`, `duration`, `capacity`, `id_workout`, `id_hall`, `id_instructor`) VALUES (108, 44119, 2000, 55, 12, 4, 1, 2);
INSERT INTO `fitnessclub`.`schedules` (`id_schedule`, `start_date`, `start_time`, `duration`, `capacity`, `id_workout`, `id_hall`, `id_instructor`) VALUES (109, 44120, 1800, 55, 15, 1, 1, 3);
INSERT INTO `fitnessclub`.`schedules` (`id_schedule`, `start_date`, `start_time`, `duration`, `capacity`, `id_workout`, `id_hall`, `id_instructor`) VALUES (110, 44120, 1900, 55, 15, 9, 1, 3);
INSERT INTO `fitnessclub`.`schedules` (`id_schedule`, `start_date`, `start_time`, `duration`, `capacity`, `id_workout`, `id_hall`, `id_instructor`) VALUES (111, 44120, 2000, 55, 15, 8, 1, 3);
INSERT INTO `fitnessclub`.`schedules` (`id_schedule`, `start_date`, `start_time`, `duration`, `capacity`, `id_workout`, `id_hall`, `id_instructor`) VALUES (112, 44123, 1800, 55, 15, 3, 1, 2);
INSERT INTO `fitnessclub`.`schedules` (`id_schedule`, `start_date`, `start_time`, `duration`, `capacity`, `id_workout`, `id_hall`, `id_instructor`) VALUES (113, 44123, 1900, 55, 12, 4, 1, 2);
INSERT INTO `fitnessclub`.`schedules` (`id_schedule`, `start_date`, `start_time`, `duration`, `capacity`, `id_workout`, `id_hall`, `id_instructor`) VALUES (114, 44123, 2000, 55, 15, 5, 1, 2);
INSERT INTO `fitnessclub`.`schedules` (`id_schedule`, `start_date`, `start_time`, `duration`, `capacity`, `id_workout`, `id_hall`, `id_instructor`) VALUES (115, 44124, 900, 55, 15, 8, 1, 3);
INSERT INTO `fitnessclub`.`schedules` (`id_schedule`, `start_date`, `start_time`, `duration`, `capacity`, `id_workout`, `id_hall`, `id_instructor`) VALUES (116, 44124, 1000, 55, 15, 7, 1, 3);
INSERT INTO `fitnessclub`.`schedules` (`id_schedule`, `start_date`, `start_time`, `duration`, `capacity`, `id_workout`, `id_hall`, `id_instructor`) VALUES (117, 44124, 1100, 55, 15, 5, 1, 3);
INSERT INTO `fitnessclub`.`schedules` (`id_schedule`, `start_date`, `start_time`, `duration`, `capacity`, `id_workout`, `id_hall`, `id_instructor`) VALUES (118, 44124, 1800, 55, 15, 1, 1, 20);
INSERT INTO `fitnessclub`.`schedules` (`id_schedule`, `start_date`, `start_time`, `duration`, `capacity`, `id_workout`, `id_hall`, `id_instructor`) VALUES (119, 44124, 1800, 55, 8, 3, 2, 30);
INSERT INTO `fitnessclub`.`schedules` (`id_schedule`, `start_date`, `start_time`, `duration`, `capacity`, `id_workout`, `id_hall`, `id_instructor`) VALUES (120, 44124, 1900, 55, 15, 5, 1, 30);
INSERT INTO `fitnessclub`.`schedules` (`id_schedule`, `start_date`, `start_time`, `duration`, `capacity`, `id_workout`, `id_hall`, `id_instructor`) VALUES (121, 44124, 1900, 55, 8, 1, 2, 20);
INSERT INTO `fitnessclub`.`schedules` (`id_schedule`, `start_date`, `start_time`, `duration`, `capacity`, `id_workout`, `id_hall`, `id_instructor`) VALUES (122, 44124, 2000, 55, 15, 8, 1, 30);
INSERT INTO `fitnessclub`.`schedules` (`id_schedule`, `start_date`, `start_time`, `duration`, `capacity`, `id_workout`, `id_hall`, `id_instructor`) VALUES (123, 44124, 2000, 55, 8, 7, 2, 20);
INSERT INTO `fitnessclub`.`schedules` (`id_schedule`, `start_date`, `start_time`, `duration`, `capacity`, `id_workout`, `id_hall`, `id_instructor`) VALUES (124, 44125, 900, 55, 15, 3, 1, 30);
INSERT INTO `fitnessclub`.`schedules` (`id_schedule`, `start_date`, `start_time`, `duration`, `capacity`, `id_workout`, `id_hall`, `id_instructor`) VALUES (125, 44125, 1000, 55, 15, 2, 1, 30);
INSERT INTO `fitnessclub`.`schedules` (`id_schedule`, `start_date`, `start_time`, `duration`, `capacity`, `id_workout`, `id_hall`, `id_instructor`) VALUES (126, 44125, 1100, 55, 15, 9, 1, 30);
INSERT INTO `fitnessclub`.`schedules` (`id_schedule`, `start_date`, `start_time`, `duration`, `capacity`, `id_workout`, `id_hall`, `id_instructor`) VALUES (127, 44125, 1800, 55, 15, 8, 1, 2);
INSERT INTO `fitnessclub`.`schedules` (`id_schedule`, `start_date`, `start_time`, `duration`, `capacity`, `id_workout`, `id_hall`, `id_instructor`) VALUES (128, 44125, 1800, 55, 8, 1, 2, 20);
INSERT INTO `fitnessclub`.`schedules` (`id_schedule`, `start_date`, `start_time`, `duration`, `capacity`, `id_workout`, `id_hall`, `id_instructor`) VALUES (129, 44125, 1900, 55, 15, 1, 1, 20);
INSERT INTO `fitnessclub`.`schedules` (`id_schedule`, `start_date`, `start_time`, `duration`, `capacity`, `id_workout`, `id_hall`, `id_instructor`) VALUES (130, 44125, 1900, 55, 8, 6, 2, 2);
INSERT INTO `fitnessclub`.`schedules` (`id_schedule`, `start_date`, `start_time`, `duration`, `capacity`, `id_workout`, `id_hall`, `id_instructor`) VALUES (131, 44125, 2000, 55, 12, 4, 1, 2);
INSERT INTO `fitnessclub`.`schedules` (`id_schedule`, `start_date`, `start_time`, `duration`, `capacity`, `id_workout`, `id_hall`, `id_instructor`) VALUES (132, 44125, 2000, 55, 8, 7, 2, 20);
INSERT INTO `fitnessclub`.`schedules` (`id_schedule`, `start_date`, `start_time`, `duration`, `capacity`, `id_workout`, `id_hall`, `id_instructor`) VALUES (133, 44126, 900, 55, 15, 5, 1, 3);
INSERT INTO `fitnessclub`.`schedules` (`id_schedule`, `start_date`, `start_time`, `duration`, `capacity`, `id_workout`, `id_hall`, `id_instructor`) VALUES (134, 44126, 1000, 55, 15, 1, 1, 3);
INSERT INTO `fitnessclub`.`schedules` (`id_schedule`, `start_date`, `start_time`, `duration`, `capacity`, `id_workout`, `id_hall`, `id_instructor`) VALUES (135, 44126, 1100, 55, 15, 9, 1, 3);
INSERT INTO `fitnessclub`.`schedules` (`id_schedule`, `start_date`, `start_time`, `duration`, `capacity`, `id_workout`, `id_hall`, `id_instructor`) VALUES (136, 44126, 1800, 55, 15, 1, 1, 20);
INSERT INTO `fitnessclub`.`schedules` (`id_schedule`, `start_date`, `start_time`, `duration`, `capacity`, `id_workout`, `id_hall`, `id_instructor`) VALUES (137, 44126, 1800, 55, 8, 5, 2, 30);
INSERT INTO `fitnessclub`.`schedules` (`id_schedule`, `start_date`, `start_time`, `duration`, `capacity`, `id_workout`, `id_hall`, `id_instructor`) VALUES (138, 44126, 1900, 55, 15, 9, 1, 30);
INSERT INTO `fitnessclub`.`schedules` (`id_schedule`, `start_date`, `start_time`, `duration`, `capacity`, `id_workout`, `id_hall`, `id_instructor`) VALUES (139, 44126, 1900, 55, 8, 1, 2, 20);
INSERT INTO `fitnessclub`.`schedules` (`id_schedule`, `start_date`, `start_time`, `duration`, `capacity`, `id_workout`, `id_hall`, `id_instructor`) VALUES (140, 44126, 2000, 55, 15, 3, 1, 30);
INSERT INTO `fitnessclub`.`schedules` (`id_schedule`, `start_date`, `start_time`, `duration`, `capacity`, `id_workout`, `id_hall`, `id_instructor`) VALUES (141, 44126, 2000, 55, 8, 7, 2, 20);
INSERT INTO `fitnessclub`.`schedules` (`id_schedule`, `start_date`, `start_time`, `duration`, `capacity`, `id_workout`, `id_hall`, `id_instructor`) VALUES (142, 44127, 900, 55, 15, 7, 1, 30);
INSERT INTO `fitnessclub`.`schedules` (`id_schedule`, `start_date`, `start_time`, `duration`, `capacity`, `id_workout`, `id_hall`, `id_instructor`) VALUES (143, 44127, 1000, 55, 15, 2, 1, 30);
INSERT INTO `fitnessclub`.`schedules` (`id_schedule`, `start_date`, `start_time`, `duration`, `capacity`, `id_workout`, `id_hall`, `id_instructor`) VALUES (144, 44127, 1100, 55, 15, 3, 1, 30);
INSERT INTO `fitnessclub`.`schedules` (`id_schedule`, `start_date`, `start_time`, `duration`, `capacity`, `id_workout`, `id_hall`, `id_instructor`) VALUES (145, 44127, 1800, 55, 15, 3, 1, 2);
INSERT INTO `fitnessclub`.`schedules` (`id_schedule`, `start_date`, `start_time`, `duration`, `capacity`, `id_workout`, `id_hall`, `id_instructor`) VALUES (146, 44127, 1800, 55, 8, 1, 2, 20);
INSERT INTO `fitnessclub`.`schedules` (`id_schedule`, `start_date`, `start_time`, `duration`, `capacity`, `id_workout`, `id_hall`, `id_instructor`) VALUES (147, 44127, 1900, 55, 12, 4, 1, 2);
INSERT INTO `fitnessclub`.`schedules` (`id_schedule`, `start_date`, `start_time`, `duration`, `capacity`, `id_workout`, `id_hall`, `id_instructor`) VALUES (148, 44127, 1900, 55, 8, 5, 2, 3);
INSERT INTO `fitnessclub`.`schedules` (`id_schedule`, `start_date`, `start_time`, `duration`, `capacity`, `id_workout`, `id_hall`, `id_instructor`) VALUES (149, 44127, 2000, 55, 15, 5, 1, 2);
INSERT INTO `fitnessclub`.`schedules` (`id_schedule`, `start_date`, `start_time`, `duration`, `capacity`, `id_workout`, `id_hall`, `id_instructor`) VALUES (150, 44127, 2000, 55, 8, 1, 2, 3);
INSERT INTO `fitnessclub`.`schedules` (`id_schedule`, `start_date`, `start_time`, `duration`, `capacity`, `id_workout`, `id_hall`, `id_instructor`) VALUES (151, 44128, 900, 55, 15, 1, 1, 20);
INSERT INTO `fitnessclub`.`schedules` (`id_schedule`, `start_date`, `start_time`, `duration`, `capacity`, `id_workout`, `id_hall`, `id_instructor`) VALUES (152, 44128, 1000, 55, 15, 3, 1, 30);
INSERT INTO `fitnessclub`.`schedules` (`id_schedule`, `start_date`, `start_time`, `duration`, `capacity`, `id_workout`, `id_hall`, `id_instructor`) VALUES (153, 44128, 1100, 55, 15, 9, 1, 3);
INSERT INTO `fitnessclub`.`schedules` (`id_schedule`, `start_date`, `start_time`, `duration`, `capacity`, `id_workout`, `id_hall`, `id_instructor`) VALUES (154, 44128, 1200, 55, 15, 6, 1, 2);
INSERT INTO `fitnessclub`.`schedules` (`id_schedule`, `start_date`, `start_time`, `duration`, `capacity`, `id_workout`, `id_hall`, `id_instructor`) VALUES (155, 44130, 900, 55, 15, 1, 1, 30);
INSERT INTO `fitnessclub`.`schedules` (`id_schedule`, `start_date`, `start_time`, `duration`, `capacity`, `id_workout`, `id_hall`, `id_instructor`) VALUES (156, 44130, 1000, 55, 15, 2, 1, 30);
INSERT INTO `fitnessclub`.`schedules` (`id_schedule`, `start_date`, `start_time`, `duration`, `capacity`, `id_workout`, `id_hall`, `id_instructor`) VALUES (157, 44130, 1100, 55, 15, 3, 1, 30);
INSERT INTO `fitnessclub`.`schedules` (`id_schedule`, `start_date`, `start_time`, `duration`, `capacity`, `id_workout`, `id_hall`, `id_instructor`) VALUES (158, 44130, 1800, 55, 12, 4, 1, 2);
INSERT INTO `fitnessclub`.`schedules` (`id_schedule`, `start_date`, `start_time`, `duration`, `capacity`, `id_workout`, `id_hall`, `id_instructor`) VALUES (159, 44130, 1800, 55, 8, 1, 2, 20);
INSERT INTO `fitnessclub`.`schedules` (`id_schedule`, `start_date`, `start_time`, `duration`, `capacity`, `id_workout`, `id_hall`, `id_instructor`) VALUES (160, 44130, 1900, 55, 15, 1, 1, 20);
INSERT INTO `fitnessclub`.`schedules` (`id_schedule`, `start_date`, `start_time`, `duration`, `capacity`, `id_workout`, `id_hall`, `id_instructor`) VALUES (161, 44130, 1900, 55, 8, 6, 2, 2);
INSERT INTO `fitnessclub`.`schedules` (`id_schedule`, `start_date`, `start_time`, `duration`, `capacity`, `id_workout`, `id_hall`, `id_instructor`) VALUES (162, 44130, 2000, 55, 15, 5, 1, 2);
INSERT INTO `fitnessclub`.`schedules` (`id_schedule`, `start_date`, `start_time`, `duration`, `capacity`, `id_workout`, `id_hall`, `id_instructor`) VALUES (163, 44130, 2000, 55, 8, 7, 2, 20);
INSERT INTO `fitnessclub`.`schedules` (`id_schedule`, `start_date`, `start_time`, `duration`, `capacity`, `id_workout`, `id_hall`, `id_instructor`) VALUES (164, 44131, 900, 55, 15, 8, 1, 3);
INSERT INTO `fitnessclub`.`schedules` (`id_schedule`, `start_date`, `start_time`, `duration`, `capacity`, `id_workout`, `id_hall`, `id_instructor`) VALUES (165, 44131, 1000, 55, 15, 7, 1, 3);
INSERT INTO `fitnessclub`.`schedules` (`id_schedule`, `start_date`, `start_time`, `duration`, `capacity`, `id_workout`, `id_hall`, `id_instructor`) VALUES (166, 44131, 1100, 55, 15, 5, 1, 3);
INSERT INTO `fitnessclub`.`schedules` (`id_schedule`, `start_date`, `start_time`, `duration`, `capacity`, `id_workout`, `id_hall`, `id_instructor`) VALUES (167, 44131, 1800, 55, 15, 1, 1, 20);
INSERT INTO `fitnessclub`.`schedules` (`id_schedule`, `start_date`, `start_time`, `duration`, `capacity`, `id_workout`, `id_hall`, `id_instructor`) VALUES (168, 44131, 1800, 55, 8, 3, 2, 30);
INSERT INTO `fitnessclub`.`schedules` (`id_schedule`, `start_date`, `start_time`, `duration`, `capacity`, `id_workout`, `id_hall`, `id_instructor`) VALUES (169, 44131, 1900, 55, 15, 5, 1, 30);
INSERT INTO `fitnessclub`.`schedules` (`id_schedule`, `start_date`, `start_time`, `duration`, `capacity`, `id_workout`, `id_hall`, `id_instructor`) VALUES (170, 44131, 1900, 55, 8, 1, 2, 20);
INSERT INTO `fitnessclub`.`schedules` (`id_schedule`, `start_date`, `start_time`, `duration`, `capacity`, `id_workout`, `id_hall`, `id_instructor`) VALUES (171, 44131, 2000, 55, 15, 8, 1, 30);
INSERT INTO `fitnessclub`.`schedules` (`id_schedule`, `start_date`, `start_time`, `duration`, `capacity`, `id_workout`, `id_hall`, `id_instructor`) VALUES (172, 44131, 2000, 55, 8, 7, 2, 20);
INSERT INTO `fitnessclub`.`schedules` (`id_schedule`, `start_date`, `start_time`, `duration`, `capacity`, `id_workout`, `id_hall`, `id_instructor`) VALUES (173, 44132, 900, 55, 15, 3, 1, 30);
INSERT INTO `fitnessclub`.`schedules` (`id_schedule`, `start_date`, `start_time`, `duration`, `capacity`, `id_workout`, `id_hall`, `id_instructor`) VALUES (174, 44132, 1000, 55, 15, 2, 1, 30);
INSERT INTO `fitnessclub`.`schedules` (`id_schedule`, `start_date`, `start_time`, `duration`, `capacity`, `id_workout`, `id_hall`, `id_instructor`) VALUES (175, 44132, 1100, 55, 15, 9, 1, 30);
INSERT INTO `fitnessclub`.`schedules` (`id_schedule`, `start_date`, `start_time`, `duration`, `capacity`, `id_workout`, `id_hall`, `id_instructor`) VALUES (176, 44132, 1800, 55, 15, 8, 1, 2);
INSERT INTO `fitnessclub`.`schedules` (`id_schedule`, `start_date`, `start_time`, `duration`, `capacity`, `id_workout`, `id_hall`, `id_instructor`) VALUES (177, 44132, 1800, 55, 8, 1, 2, 20);
INSERT INTO `fitnessclub`.`schedules` (`id_schedule`, `start_date`, `start_time`, `duration`, `capacity`, `id_workout`, `id_hall`, `id_instructor`) VALUES (178, 44132, 1900, 55, 15, 1, 1, 20);
INSERT INTO `fitnessclub`.`schedules` (`id_schedule`, `start_date`, `start_time`, `duration`, `capacity`, `id_workout`, `id_hall`, `id_instructor`) VALUES (179, 44132, 1900, 55, 8, 6, 2, 2);
INSERT INTO `fitnessclub`.`schedules` (`id_schedule`, `start_date`, `start_time`, `duration`, `capacity`, `id_workout`, `id_hall`, `id_instructor`) VALUES (180, 44132, 2000, 55, 12, 4, 1, 2);
INSERT INTO `fitnessclub`.`schedules` (`id_schedule`, `start_date`, `start_time`, `duration`, `capacity`, `id_workout`, `id_hall`, `id_instructor`) VALUES (181, 44132, 2000, 55, 8, 7, 2, 20);
INSERT INTO `fitnessclub`.`schedules` (`id_schedule`, `start_date`, `start_time`, `duration`, `capacity`, `id_workout`, `id_hall`, `id_instructor`) VALUES (182, 44133, 900, 55, 15, 5, 1, 3);
INSERT INTO `fitnessclub`.`schedules` (`id_schedule`, `start_date`, `start_time`, `duration`, `capacity`, `id_workout`, `id_hall`, `id_instructor`) VALUES (183, 44133, 1000, 55, 15, 1, 1, 3);
INSERT INTO `fitnessclub`.`schedules` (`id_schedule`, `start_date`, `start_time`, `duration`, `capacity`, `id_workout`, `id_hall`, `id_instructor`) VALUES (184, 44133, 1100, 55, 15, 9, 1, 3);
INSERT INTO `fitnessclub`.`schedules` (`id_schedule`, `start_date`, `start_time`, `duration`, `capacity`, `id_workout`, `id_hall`, `id_instructor`) VALUES (185, 44133, 1800, 55, 15, 1, 1, 20);
INSERT INTO `fitnessclub`.`schedules` (`id_schedule`, `start_date`, `start_time`, `duration`, `capacity`, `id_workout`, `id_hall`, `id_instructor`) VALUES (186, 44133, 1800, 55, 8, 5, 2, 30);
INSERT INTO `fitnessclub`.`schedules` (`id_schedule`, `start_date`, `start_time`, `duration`, `capacity`, `id_workout`, `id_hall`, `id_instructor`) VALUES (187, 44133, 1900, 55, 15, 9, 1, 30);
INSERT INTO `fitnessclub`.`schedules` (`id_schedule`, `start_date`, `start_time`, `duration`, `capacity`, `id_workout`, `id_hall`, `id_instructor`) VALUES (188, 44133, 1900, 55, 8, 1, 2, 20);
INSERT INTO `fitnessclub`.`schedules` (`id_schedule`, `start_date`, `start_time`, `duration`, `capacity`, `id_workout`, `id_hall`, `id_instructor`) VALUES (189, 44133, 2000, 55, 15, 3, 1, 30);
INSERT INTO `fitnessclub`.`schedules` (`id_schedule`, `start_date`, `start_time`, `duration`, `capacity`, `id_workout`, `id_hall`, `id_instructor`) VALUES (190, 44133, 2000, 55, 8, 7, 2, 20);
INSERT INTO `fitnessclub`.`schedules` (`id_schedule`, `start_date`, `start_time`, `duration`, `capacity`, `id_workout`, `id_hall`, `id_instructor`) VALUES (191, 44134, 900, 55, 15, 7, 1, 30);
INSERT INTO `fitnessclub`.`schedules` (`id_schedule`, `start_date`, `start_time`, `duration`, `capacity`, `id_workout`, `id_hall`, `id_instructor`) VALUES (192, 44134, 1000, 55, 15, 2, 1, 30);
INSERT INTO `fitnessclub`.`schedules` (`id_schedule`, `start_date`, `start_time`, `duration`, `capacity`, `id_workout`, `id_hall`, `id_instructor`) VALUES (193, 44134, 1100, 55, 15, 3, 1, 30);
INSERT INTO `fitnessclub`.`schedules` (`id_schedule`, `start_date`, `start_time`, `duration`, `capacity`, `id_workout`, `id_hall`, `id_instructor`) VALUES (194, 44134, 1800, 55, 15, 3, 1, 2);
INSERT INTO `fitnessclub`.`schedules` (`id_schedule`, `start_date`, `start_time`, `duration`, `capacity`, `id_workout`, `id_hall`, `id_instructor`) VALUES (195, 44134, 1800, 55, 8, 1, 2, 20);
INSERT INTO `fitnessclub`.`schedules` (`id_schedule`, `start_date`, `start_time`, `duration`, `capacity`, `id_workout`, `id_hall`, `id_instructor`) VALUES (196, 44134, 1900, 55, 12, 4, 1, 2);
INSERT INTO `fitnessclub`.`schedules` (`id_schedule`, `start_date`, `start_time`, `duration`, `capacity`, `id_workout`, `id_hall`, `id_instructor`) VALUES (197, 44134, 1900, 55, 8, 5, 2, 3);
INSERT INTO `fitnessclub`.`schedules` (`id_schedule`, `start_date`, `start_time`, `duration`, `capacity`, `id_workout`, `id_hall`, `id_instructor`) VALUES (198, 44134, 2000, 55, 15, 5, 1, 2);
INSERT INTO `fitnessclub`.`schedules` (`id_schedule`, `start_date`, `start_time`, `duration`, `capacity`, `id_workout`, `id_hall`, `id_instructor`) VALUES (199, 44134, 2000, 55, 8, 1, 2, 3);
INSERT INTO `fitnessclub`.`schedules` (`id_schedule`, `start_date`, `start_time`, `duration`, `capacity`, `id_workout`, `id_hall`, `id_instructor`) VALUES (200, 44135, 900, 55, 15, 1, 1, 20);
INSERT INTO `fitnessclub`.`schedules` (`id_schedule`, `start_date`, `start_time`, `duration`, `capacity`, `id_workout`, `id_hall`, `id_instructor`) VALUES (201, 44135, 1000, 55, 15, 3, 1, 30);
INSERT INTO `fitnessclub`.`schedules` (`id_schedule`, `start_date`, `start_time`, `duration`, `capacity`, `id_workout`, `id_hall`, `id_instructor`) VALUES (202, 44135, 1100, 55, 15, 9, 1, 3);
INSERT INTO `fitnessclub`.`schedules` (`id_schedule`, `start_date`, `start_time`, `duration`, `capacity`, `id_workout`, `id_hall`, `id_instructor`) VALUES (203, 44135, 1200, 55, 15, 6, 1, 2);
INSERT INTO `fitnessclub`.`schedules` (`id_schedule`, `start_date`, `start_time`, `duration`, `capacity`, `id_workout`, `id_hall`, `id_instructor`) VALUES (204, 44137, 900, 55, 15, 1, 1, 30);
INSERT INTO `fitnessclub`.`schedules` (`id_schedule`, `start_date`, `start_time`, `duration`, `capacity`, `id_workout`, `id_hall`, `id_instructor`) VALUES (205, 44137, 1000, 55, 15, 2, 1, 30);
INSERT INTO `fitnessclub`.`schedules` (`id_schedule`, `start_date`, `start_time`, `duration`, `capacity`, `id_workout`, `id_hall`, `id_instructor`) VALUES (206, 44137, 1100, 55, 15, 3, 1, 30);
INSERT INTO `fitnessclub`.`schedules` (`id_schedule`, `start_date`, `start_time`, `duration`, `capacity`, `id_workout`, `id_hall`, `id_instructor`) VALUES (207, 44137, 1800, 55, 12, 4, 1, 2);
INSERT INTO `fitnessclub`.`schedules` (`id_schedule`, `start_date`, `start_time`, `duration`, `capacity`, `id_workout`, `id_hall`, `id_instructor`) VALUES (208, 44137, 1800, 55, 8, 1, 2, 20);
INSERT INTO `fitnessclub`.`schedules` (`id_schedule`, `start_date`, `start_time`, `duration`, `capacity`, `id_workout`, `id_hall`, `id_instructor`) VALUES (209, 44137, 1900, 55, 15, 1, 1, 20);
INSERT INTO `fitnessclub`.`schedules` (`id_schedule`, `start_date`, `start_time`, `duration`, `capacity`, `id_workout`, `id_hall`, `id_instructor`) VALUES (210, 44137, 1900, 55, 8, 6, 2, 2);
INSERT INTO `fitnessclub`.`schedules` (`id_schedule`, `start_date`, `start_time`, `duration`, `capacity`, `id_workout`, `id_hall`, `id_instructor`) VALUES (211, 44137, 2000, 55, 15, 5, 1, 2);
INSERT INTO `fitnessclub`.`schedules` (`id_schedule`, `start_date`, `start_time`, `duration`, `capacity`, `id_workout`, `id_hall`, `id_instructor`) VALUES (212, 44137, 2000, 55, 8, 7, 2, 20);
INSERT INTO `fitnessclub`.`schedules` (`id_schedule`, `start_date`, `start_time`, `duration`, `capacity`, `id_workout`, `id_hall`, `id_instructor`) VALUES (213, 44138, 900, 55, 15, 8, 1, 3);
INSERT INTO `fitnessclub`.`schedules` (`id_schedule`, `start_date`, `start_time`, `duration`, `capacity`, `id_workout`, `id_hall`, `id_instructor`) VALUES (214, 44138, 1000, 55, 15, 7, 1, 3);
INSERT INTO `fitnessclub`.`schedules` (`id_schedule`, `start_date`, `start_time`, `duration`, `capacity`, `id_workout`, `id_hall`, `id_instructor`) VALUES (215, 44138, 1100, 55, 15, 5, 1, 3);
INSERT INTO `fitnessclub`.`schedules` (`id_schedule`, `start_date`, `start_time`, `duration`, `capacity`, `id_workout`, `id_hall`, `id_instructor`) VALUES (216, 44138, 1800, 55, 15, 1, 1, 20);
INSERT INTO `fitnessclub`.`schedules` (`id_schedule`, `start_date`, `start_time`, `duration`, `capacity`, `id_workout`, `id_hall`, `id_instructor`) VALUES (217, 44138, 1800, 55, 8, 3, 2, 30);
INSERT INTO `fitnessclub`.`schedules` (`id_schedule`, `start_date`, `start_time`, `duration`, `capacity`, `id_workout`, `id_hall`, `id_instructor`) VALUES (218, 44138, 1900, 55, 15, 5, 1, 30);
INSERT INTO `fitnessclub`.`schedules` (`id_schedule`, `start_date`, `start_time`, `duration`, `capacity`, `id_workout`, `id_hall`, `id_instructor`) VALUES (219, 44138, 1900, 55, 8, 1, 2, 20);
INSERT INTO `fitnessclub`.`schedules` (`id_schedule`, `start_date`, `start_time`, `duration`, `capacity`, `id_workout`, `id_hall`, `id_instructor`) VALUES (220, 44138, 2000, 55, 15, 8, 1, 30);
INSERT INTO `fitnessclub`.`schedules` (`id_schedule`, `start_date`, `start_time`, `duration`, `capacity`, `id_workout`, `id_hall`, `id_instructor`) VALUES (221, 44138, 2000, 55, 8, 7, 2, 20);
INSERT INTO `fitnessclub`.`schedules` (`id_schedule`, `start_date`, `start_time`, `duration`, `capacity`, `id_workout`, `id_hall`, `id_instructor`) VALUES (222, 44139, 900, 55, 15, 3, 1, 30);
INSERT INTO `fitnessclub`.`schedules` (`id_schedule`, `start_date`, `start_time`, `duration`, `capacity`, `id_workout`, `id_hall`, `id_instructor`) VALUES (223, 44139, 1000, 55, 15, 2, 1, 30);
INSERT INTO `fitnessclub`.`schedules` (`id_schedule`, `start_date`, `start_time`, `duration`, `capacity`, `id_workout`, `id_hall`, `id_instructor`) VALUES (224, 44139, 1100, 55, 15, 9, 1, 30);
INSERT INTO `fitnessclub`.`schedules` (`id_schedule`, `start_date`, `start_time`, `duration`, `capacity`, `id_workout`, `id_hall`, `id_instructor`) VALUES (225, 44139, 1800, 55, 15, 8, 1, 2);
INSERT INTO `fitnessclub`.`schedules` (`id_schedule`, `start_date`, `start_time`, `duration`, `capacity`, `id_workout`, `id_hall`, `id_instructor`) VALUES (226, 44139, 1800, 55, 8, 1, 2, 20);
INSERT INTO `fitnessclub`.`schedules` (`id_schedule`, `start_date`, `start_time`, `duration`, `capacity`, `id_workout`, `id_hall`, `id_instructor`) VALUES (227, 44139, 1900, 55, 15, 1, 1, 20);
INSERT INTO `fitnessclub`.`schedules` (`id_schedule`, `start_date`, `start_time`, `duration`, `capacity`, `id_workout`, `id_hall`, `id_instructor`) VALUES (228, 44139, 1900, 55, 8, 6, 2, 2);
INSERT INTO `fitnessclub`.`schedules` (`id_schedule`, `start_date`, `start_time`, `duration`, `capacity`, `id_workout`, `id_hall`, `id_instructor`) VALUES (229, 44139, 2000, 55, 12, 4, 1, 2);
INSERT INTO `fitnessclub`.`schedules` (`id_schedule`, `start_date`, `start_time`, `duration`, `capacity`, `id_workout`, `id_hall`, `id_instructor`) VALUES (230, 44139, 2000, 55, 8, 7, 2, 20);
INSERT INTO `fitnessclub`.`schedules` (`id_schedule`, `start_date`, `start_time`, `duration`, `capacity`, `id_workout`, `id_hall`, `id_instructor`) VALUES (231, 44140, 900, 55, 15, 5, 1, 3);
INSERT INTO `fitnessclub`.`schedules` (`id_schedule`, `start_date`, `start_time`, `duration`, `capacity`, `id_workout`, `id_hall`, `id_instructor`) VALUES (232, 44140, 1000, 55, 15, 1, 1, 3);
INSERT INTO `fitnessclub`.`schedules` (`id_schedule`, `start_date`, `start_time`, `duration`, `capacity`, `id_workout`, `id_hall`, `id_instructor`) VALUES (233, 44140, 1100, 55, 15, 9, 1, 3);
INSERT INTO `fitnessclub`.`schedules` (`id_schedule`, `start_date`, `start_time`, `duration`, `capacity`, `id_workout`, `id_hall`, `id_instructor`) VALUES (234, 44140, 1800, 55, 15, 1, 1, 20);
INSERT INTO `fitnessclub`.`schedules` (`id_schedule`, `start_date`, `start_time`, `duration`, `capacity`, `id_workout`, `id_hall`, `id_instructor`) VALUES (235, 44140, 1800, 55, 8, 5, 2, 30);
INSERT INTO `fitnessclub`.`schedules` (`id_schedule`, `start_date`, `start_time`, `duration`, `capacity`, `id_workout`, `id_hall`, `id_instructor`) VALUES (236, 44140, 1900, 55, 15, 9, 1, 30);
INSERT INTO `fitnessclub`.`schedules` (`id_schedule`, `start_date`, `start_time`, `duration`, `capacity`, `id_workout`, `id_hall`, `id_instructor`) VALUES (237, 44140, 1900, 55, 8, 1, 2, 20);
INSERT INTO `fitnessclub`.`schedules` (`id_schedule`, `start_date`, `start_time`, `duration`, `capacity`, `id_workout`, `id_hall`, `id_instructor`) VALUES (238, 44140, 2000, 55, 15, 3, 1, 30);
INSERT INTO `fitnessclub`.`schedules` (`id_schedule`, `start_date`, `start_time`, `duration`, `capacity`, `id_workout`, `id_hall`, `id_instructor`) VALUES (239, 44140, 2000, 55, 8, 7, 2, 20);
INSERT INTO `fitnessclub`.`schedules` (`id_schedule`, `start_date`, `start_time`, `duration`, `capacity`, `id_workout`, `id_hall`, `id_instructor`) VALUES (240, 44141, 900, 55, 15, 7, 1, 30);
INSERT INTO `fitnessclub`.`schedules` (`id_schedule`, `start_date`, `start_time`, `duration`, `capacity`, `id_workout`, `id_hall`, `id_instructor`) VALUES (241, 44141, 1000, 55, 15, 2, 1, 30);
INSERT INTO `fitnessclub`.`schedules` (`id_schedule`, `start_date`, `start_time`, `duration`, `capacity`, `id_workout`, `id_hall`, `id_instructor`) VALUES (242, 44141, 1100, 55, 15, 3, 1, 30);
INSERT INTO `fitnessclub`.`schedules` (`id_schedule`, `start_date`, `start_time`, `duration`, `capacity`, `id_workout`, `id_hall`, `id_instructor`) VALUES (243, 44141, 1800, 55, 15, 3, 1, 2);
INSERT INTO `fitnessclub`.`schedules` (`id_schedule`, `start_date`, `start_time`, `duration`, `capacity`, `id_workout`, `id_hall`, `id_instructor`) VALUES (244, 44141, 1800, 55, 8, 1, 2, 20);
INSERT INTO `fitnessclub`.`schedules` (`id_schedule`, `start_date`, `start_time`, `duration`, `capacity`, `id_workout`, `id_hall`, `id_instructor`) VALUES (245, 44141, 1900, 55, 12, 4, 1, 2);
INSERT INTO `fitnessclub`.`schedules` (`id_schedule`, `start_date`, `start_time`, `duration`, `capacity`, `id_workout`, `id_hall`, `id_instructor`) VALUES (246, 44141, 1900, 55, 8, 5, 2, 3);
INSERT INTO `fitnessclub`.`schedules` (`id_schedule`, `start_date`, `start_time`, `duration`, `capacity`, `id_workout`, `id_hall`, `id_instructor`) VALUES (247, 44141, 2000, 55, 15, 5, 1, 2);
INSERT INTO `fitnessclub`.`schedules` (`id_schedule`, `start_date`, `start_time`, `duration`, `capacity`, `id_workout`, `id_hall`, `id_instructor`) VALUES (248, 44141, 2000, 55, 8, 1, 2, 3);
INSERT INTO `fitnessclub`.`schedules` (`id_schedule`, `start_date`, `start_time`, `duration`, `capacity`, `id_workout`, `id_hall`, `id_instructor`) VALUES (249, 44142, 900, 55, 15, 1, 1, 20);
INSERT INTO `fitnessclub`.`schedules` (`id_schedule`, `start_date`, `start_time`, `duration`, `capacity`, `id_workout`, `id_hall`, `id_instructor`) VALUES (250, 44142, 1000, 55, 15, 3, 1, 30);
INSERT INTO `fitnessclub`.`schedules` (`id_schedule`, `start_date`, `start_time`, `duration`, `capacity`, `id_workout`, `id_hall`, `id_instructor`) VALUES (251, 44142, 1100, 55, 15, 9, 1, 3);
INSERT INTO `fitnessclub`.`schedules` (`id_schedule`, `start_date`, `start_time`, `duration`, `capacity`, `id_workout`, `id_hall`, `id_instructor`) VALUES (252, 44142, 1200, 55, 15, 6, 1, 2);
INSERT INTO `fitnessclub`.`schedules` (`id_schedule`, `start_date`, `start_time`, `duration`, `capacity`, `id_workout`, `id_hall`, `id_instructor`) VALUES (253, 44144, 900, 55, 15, 1, 1, 30);
INSERT INTO `fitnessclub`.`schedules` (`id_schedule`, `start_date`, `start_time`, `duration`, `capacity`, `id_workout`, `id_hall`, `id_instructor`) VALUES (254, 44144, 1000, 55, 15, 2, 1, 30);
INSERT INTO `fitnessclub`.`schedules` (`id_schedule`, `start_date`, `start_time`, `duration`, `capacity`, `id_workout`, `id_hall`, `id_instructor`) VALUES (255, 44144, 1100, 55, 15, 3, 1, 30);
INSERT INTO `fitnessclub`.`schedules` (`id_schedule`, `start_date`, `start_time`, `duration`, `capacity`, `id_workout`, `id_hall`, `id_instructor`) VALUES (256, 44144, 1800, 55, 12, 4, 1, 2);
INSERT INTO `fitnessclub`.`schedules` (`id_schedule`, `start_date`, `start_time`, `duration`, `capacity`, `id_workout`, `id_hall`, `id_instructor`) VALUES (257, 44144, 1800, 55, 8, 1, 2, 20);
INSERT INTO `fitnessclub`.`schedules` (`id_schedule`, `start_date`, `start_time`, `duration`, `capacity`, `id_workout`, `id_hall`, `id_instructor`) VALUES (258, 44144, 1900, 55, 15, 1, 1, 20);
INSERT INTO `fitnessclub`.`schedules` (`id_schedule`, `start_date`, `start_time`, `duration`, `capacity`, `id_workout`, `id_hall`, `id_instructor`) VALUES (259, 44144, 1900, 55, 8, 6, 2, 2);
INSERT INTO `fitnessclub`.`schedules` (`id_schedule`, `start_date`, `start_time`, `duration`, `capacity`, `id_workout`, `id_hall`, `id_instructor`) VALUES (260, 44144, 2000, 55, 15, 5, 1, 2);
INSERT INTO `fitnessclub`.`schedules` (`id_schedule`, `start_date`, `start_time`, `duration`, `capacity`, `id_workout`, `id_hall`, `id_instructor`) VALUES (261, 44144, 2000, 55, 8, 7, 2, 20);
INSERT INTO `fitnessclub`.`schedules` (`id_schedule`, `start_date`, `start_time`, `duration`, `capacity`, `id_workout`, `id_hall`, `id_instructor`) VALUES (262, 44145, 900, 55, 15, 8, 1, 3);
INSERT INTO `fitnessclub`.`schedules` (`id_schedule`, `start_date`, `start_time`, `duration`, `capacity`, `id_workout`, `id_hall`, `id_instructor`) VALUES (263, 44145, 1000, 55, 15, 7, 1, 3);
INSERT INTO `fitnessclub`.`schedules` (`id_schedule`, `start_date`, `start_time`, `duration`, `capacity`, `id_workout`, `id_hall`, `id_instructor`) VALUES (264, 44145, 1100, 55, 15, 5, 1, 3);
INSERT INTO `fitnessclub`.`schedules` (`id_schedule`, `start_date`, `start_time`, `duration`, `capacity`, `id_workout`, `id_hall`, `id_instructor`) VALUES (265, 44145, 1800, 55, 15, 1, 1, 20);
INSERT INTO `fitnessclub`.`schedules` (`id_schedule`, `start_date`, `start_time`, `duration`, `capacity`, `id_workout`, `id_hall`, `id_instructor`) VALUES (266, 44145, 1800, 55, 8, 3, 2, 30);
INSERT INTO `fitnessclub`.`schedules` (`id_schedule`, `start_date`, `start_time`, `duration`, `capacity`, `id_workout`, `id_hall`, `id_instructor`) VALUES (267, 44145, 1900, 55, 15, 5, 1, 30);
INSERT INTO `fitnessclub`.`schedules` (`id_schedule`, `start_date`, `start_time`, `duration`, `capacity`, `id_workout`, `id_hall`, `id_instructor`) VALUES (268, 44145, 1900, 55, 8, 1, 2, 20);
INSERT INTO `fitnessclub`.`schedules` (`id_schedule`, `start_date`, `start_time`, `duration`, `capacity`, `id_workout`, `id_hall`, `id_instructor`) VALUES (269, 44145, 2000, 55, 15, 8, 1, 30);
INSERT INTO `fitnessclub`.`schedules` (`id_schedule`, `start_date`, `start_time`, `duration`, `capacity`, `id_workout`, `id_hall`, `id_instructor`) VALUES (270, 44145, 2000, 55, 8, 7, 2, 20);
INSERT INTO `fitnessclub`.`schedules` (`id_schedule`, `start_date`, `start_time`, `duration`, `capacity`, `id_workout`, `id_hall`, `id_instructor`) VALUES (271, 44146, 900, 55, 15, 3, 1, 30);
INSERT INTO `fitnessclub`.`schedules` (`id_schedule`, `start_date`, `start_time`, `duration`, `capacity`, `id_workout`, `id_hall`, `id_instructor`) VALUES (272, 44146, 1000, 55, 15, 2, 1, 30);
INSERT INTO `fitnessclub`.`schedules` (`id_schedule`, `start_date`, `start_time`, `duration`, `capacity`, `id_workout`, `id_hall`, `id_instructor`) VALUES (273, 44146, 1100, 55, 15, 9, 1, 30);
INSERT INTO `fitnessclub`.`schedules` (`id_schedule`, `start_date`, `start_time`, `duration`, `capacity`, `id_workout`, `id_hall`, `id_instructor`) VALUES (274, 44146, 1800, 55, 15, 8, 1, 2);
INSERT INTO `fitnessclub`.`schedules` (`id_schedule`, `start_date`, `start_time`, `duration`, `capacity`, `id_workout`, `id_hall`, `id_instructor`) VALUES (275, 44146, 1800, 55, 8, 1, 2, 20);
INSERT INTO `fitnessclub`.`schedules` (`id_schedule`, `start_date`, `start_time`, `duration`, `capacity`, `id_workout`, `id_hall`, `id_instructor`) VALUES (276, 44146, 1900, 55, 15, 1, 1, 20);
INSERT INTO `fitnessclub`.`schedules` (`id_schedule`, `start_date`, `start_time`, `duration`, `capacity`, `id_workout`, `id_hall`, `id_instructor`) VALUES (277, 44146, 1900, 55, 8, 6, 2, 2);
INSERT INTO `fitnessclub`.`schedules` (`id_schedule`, `start_date`, `start_time`, `duration`, `capacity`, `id_workout`, `id_hall`, `id_instructor`) VALUES (278, 44146, 2000, 55, 12, 4, 1, 2);
INSERT INTO `fitnessclub`.`schedules` (`id_schedule`, `start_date`, `start_time`, `duration`, `capacity`, `id_workout`, `id_hall`, `id_instructor`) VALUES (279, 44146, 2000, 55, 8, 7, 2, 20);
INSERT INTO `fitnessclub`.`schedules` (`id_schedule`, `start_date`, `start_time`, `duration`, `capacity`, `id_workout`, `id_hall`, `id_instructor`) VALUES (280, 44147, 900, 55, 15, 5, 1, 3);
INSERT INTO `fitnessclub`.`schedules` (`id_schedule`, `start_date`, `start_time`, `duration`, `capacity`, `id_workout`, `id_hall`, `id_instructor`) VALUES (281, 44147, 1000, 55, 15, 1, 1, 3);
INSERT INTO `fitnessclub`.`schedules` (`id_schedule`, `start_date`, `start_time`, `duration`, `capacity`, `id_workout`, `id_hall`, `id_instructor`) VALUES (282, 44147, 1100, 55, 15, 9, 1, 3);
INSERT INTO `fitnessclub`.`schedules` (`id_schedule`, `start_date`, `start_time`, `duration`, `capacity`, `id_workout`, `id_hall`, `id_instructor`) VALUES (283, 44147, 1800, 55, 15, 1, 1, 20);
INSERT INTO `fitnessclub`.`schedules` (`id_schedule`, `start_date`, `start_time`, `duration`, `capacity`, `id_workout`, `id_hall`, `id_instructor`) VALUES (284, 44147, 1800, 55, 8, 5, 2, 30);
INSERT INTO `fitnessclub`.`schedules` (`id_schedule`, `start_date`, `start_time`, `duration`, `capacity`, `id_workout`, `id_hall`, `id_instructor`) VALUES (285, 44147, 1900, 55, 15, 9, 1, 30);
INSERT INTO `fitnessclub`.`schedules` (`id_schedule`, `start_date`, `start_time`, `duration`, `capacity`, `id_workout`, `id_hall`, `id_instructor`) VALUES (286, 44147, 1900, 55, 8, 1, 2, 20);
INSERT INTO `fitnessclub`.`schedules` (`id_schedule`, `start_date`, `start_time`, `duration`, `capacity`, `id_workout`, `id_hall`, `id_instructor`) VALUES (287, 44147, 2000, 55, 15, 3, 1, 30);
INSERT INTO `fitnessclub`.`schedules` (`id_schedule`, `start_date`, `start_time`, `duration`, `capacity`, `id_workout`, `id_hall`, `id_instructor`) VALUES (288, 44147, 2000, 55, 8, 7, 2, 20);
INSERT INTO `fitnessclub`.`schedules` (`id_schedule`, `start_date`, `start_time`, `duration`, `capacity`, `id_workout`, `id_hall`, `id_instructor`) VALUES (289, 44148, 900, 55, 15, 7, 1, 30);
INSERT INTO `fitnessclub`.`schedules` (`id_schedule`, `start_date`, `start_time`, `duration`, `capacity`, `id_workout`, `id_hall`, `id_instructor`) VALUES (290, 44148, 1000, 55, 15, 2, 1, 30);
INSERT INTO `fitnessclub`.`schedules` (`id_schedule`, `start_date`, `start_time`, `duration`, `capacity`, `id_workout`, `id_hall`, `id_instructor`) VALUES (291, 44148, 1100, 55, 15, 3, 1, 30);
INSERT INTO `fitnessclub`.`schedules` (`id_schedule`, `start_date`, `start_time`, `duration`, `capacity`, `id_workout`, `id_hall`, `id_instructor`) VALUES (292, 44148, 1800, 55, 15, 3, 1, 2);
INSERT INTO `fitnessclub`.`schedules` (`id_schedule`, `start_date`, `start_time`, `duration`, `capacity`, `id_workout`, `id_hall`, `id_instructor`) VALUES (293, 44148, 1800, 55, 8, 1, 2, 20);
INSERT INTO `fitnessclub`.`schedules` (`id_schedule`, `start_date`, `start_time`, `duration`, `capacity`, `id_workout`, `id_hall`, `id_instructor`) VALUES (294, 44148, 1900, 55, 12, 4, 1, 2);
INSERT INTO `fitnessclub`.`schedules` (`id_schedule`, `start_date`, `start_time`, `duration`, `capacity`, `id_workout`, `id_hall`, `id_instructor`) VALUES (295, 44148, 1900, 55, 8, 5, 2, 3);
INSERT INTO `fitnessclub`.`schedules` (`id_schedule`, `start_date`, `start_time`, `duration`, `capacity`, `id_workout`, `id_hall`, `id_instructor`) VALUES (296, 44148, 2000, 55, 15, 5, 1, 2);
INSERT INTO `fitnessclub`.`schedules` (`id_schedule`, `start_date`, `start_time`, `duration`, `capacity`, `id_workout`, `id_hall`, `id_instructor`) VALUES (297, 44148, 2000, 55, 8, 1, 2, 3);
INSERT INTO `fitnessclub`.`schedules` (`id_schedule`, `start_date`, `start_time`, `duration`, `capacity`, `id_workout`, `id_hall`, `id_instructor`) VALUES (298, 44149, 900, 55, 15, 1, 1, 20);
INSERT INTO `fitnessclub`.`schedules` (`id_schedule`, `start_date`, `start_time`, `duration`, `capacity`, `id_workout`, `id_hall`, `id_instructor`) VALUES (299, 44149, 1000, 55, 15, 3, 1, 30);
INSERT INTO `fitnessclub`.`schedules` (`id_schedule`, `start_date`, `start_time`, `duration`, `capacity`, `id_workout`, `id_hall`, `id_instructor`) VALUES (300, 44149, 1100, 55, 15, 9, 1, 3);
INSERT INTO `fitnessclub`.`schedules` (`id_schedule`, `start_date`, `start_time`, `duration`, `capacity`, `id_workout`, `id_hall`, `id_instructor`) VALUES (301, 44149, 1200, 55, 15, 6, 1, 2);
INSERT INTO `fitnessclub`.`schedules` (`id_schedule`, `start_date`, `start_time`, `duration`, `capacity`, `id_workout`, `id_hall`, `id_instructor`) VALUES (302, 44151, 900, 55, 15, 1, 1, 30);
INSERT INTO `fitnessclub`.`schedules` (`id_schedule`, `start_date`, `start_time`, `duration`, `capacity`, `id_workout`, `id_hall`, `id_instructor`) VALUES (303, 44151, 1000, 55, 15, 2, 1, 30);
INSERT INTO `fitnessclub`.`schedules` (`id_schedule`, `start_date`, `start_time`, `duration`, `capacity`, `id_workout`, `id_hall`, `id_instructor`) VALUES (304, 44151, 1100, 55, 15, 3, 1, 30);
INSERT INTO `fitnessclub`.`schedules` (`id_schedule`, `start_date`, `start_time`, `duration`, `capacity`, `id_workout`, `id_hall`, `id_instructor`) VALUES (305, 44151, 1800, 55, 12, 4, 1, 2);
INSERT INTO `fitnessclub`.`schedules` (`id_schedule`, `start_date`, `start_time`, `duration`, `capacity`, `id_workout`, `id_hall`, `id_instructor`) VALUES (306, 44151, 1800, 55, 8, 1, 2, 20);
INSERT INTO `fitnessclub`.`schedules` (`id_schedule`, `start_date`, `start_time`, `duration`, `capacity`, `id_workout`, `id_hall`, `id_instructor`) VALUES (307, 44151, 1900, 55, 15, 1, 1, 20);
INSERT INTO `fitnessclub`.`schedules` (`id_schedule`, `start_date`, `start_time`, `duration`, `capacity`, `id_workout`, `id_hall`, `id_instructor`) VALUES (308, 44151, 1900, 55, 8, 6, 2, 2);
INSERT INTO `fitnessclub`.`schedules` (`id_schedule`, `start_date`, `start_time`, `duration`, `capacity`, `id_workout`, `id_hall`, `id_instructor`) VALUES (309, 44151, 2000, 55, 15, 5, 1, 2);
INSERT INTO `fitnessclub`.`schedules` (`id_schedule`, `start_date`, `start_time`, `duration`, `capacity`, `id_workout`, `id_hall`, `id_instructor`) VALUES (310, 44151, 2000, 55, 8, 7, 2, 20);
INSERT INTO `fitnessclub`.`schedules` (`id_schedule`, `start_date`, `start_time`, `duration`, `capacity`, `id_workout`, `id_hall`, `id_instructor`) VALUES (311, 44152, 900, 55, 15, 8, 1, 3);
INSERT INTO `fitnessclub`.`schedules` (`id_schedule`, `start_date`, `start_time`, `duration`, `capacity`, `id_workout`, `id_hall`, `id_instructor`) VALUES (312, 44152, 1000, 55, 15, 7, 1, 3);
INSERT INTO `fitnessclub`.`schedules` (`id_schedule`, `start_date`, `start_time`, `duration`, `capacity`, `id_workout`, `id_hall`, `id_instructor`) VALUES (313, 44152, 1100, 55, 15, 5, 1, 3);
INSERT INTO `fitnessclub`.`schedules` (`id_schedule`, `start_date`, `start_time`, `duration`, `capacity`, `id_workout`, `id_hall`, `id_instructor`) VALUES (314, 44152, 1800, 55, 15, 1, 1, 20);
INSERT INTO `fitnessclub`.`schedules` (`id_schedule`, `start_date`, `start_time`, `duration`, `capacity`, `id_workout`, `id_hall`, `id_instructor`) VALUES (315, 44152, 1800, 55, 8, 3, 2, 30);
INSERT INTO `fitnessclub`.`schedules` (`id_schedule`, `start_date`, `start_time`, `duration`, `capacity`, `id_workout`, `id_hall`, `id_instructor`) VALUES (316, 44152, 1900, 55, 15, 5, 1, 30);
INSERT INTO `fitnessclub`.`schedules` (`id_schedule`, `start_date`, `start_time`, `duration`, `capacity`, `id_workout`, `id_hall`, `id_instructor`) VALUES (317, 44152, 1900, 55, 8, 1, 2, 20);
INSERT INTO `fitnessclub`.`schedules` (`id_schedule`, `start_date`, `start_time`, `duration`, `capacity`, `id_workout`, `id_hall`, `id_instructor`) VALUES (318, 44152, 2000, 55, 15, 8, 1, 30);
INSERT INTO `fitnessclub`.`schedules` (`id_schedule`, `start_date`, `start_time`, `duration`, `capacity`, `id_workout`, `id_hall`, `id_instructor`) VALUES (319, 44152, 2000, 55, 8, 7, 2, 20);
INSERT INTO `fitnessclub`.`schedules` (`id_schedule`, `start_date`, `start_time`, `duration`, `capacity`, `id_workout`, `id_hall`, `id_instructor`) VALUES (320, 44153, 900, 55, 15, 3, 1, 30);
INSERT INTO `fitnessclub`.`schedules` (`id_schedule`, `start_date`, `start_time`, `duration`, `capacity`, `id_workout`, `id_hall`, `id_instructor`) VALUES (321, 44153, 1000, 55, 15, 2, 1, 30);
INSERT INTO `fitnessclub`.`schedules` (`id_schedule`, `start_date`, `start_time`, `duration`, `capacity`, `id_workout`, `id_hall`, `id_instructor`) VALUES (322, 44153, 1100, 55, 15, 9, 1, 30);
INSERT INTO `fitnessclub`.`schedules` (`id_schedule`, `start_date`, `start_time`, `duration`, `capacity`, `id_workout`, `id_hall`, `id_instructor`) VALUES (323, 44153, 1800, 55, 15, 8, 1, 2);
INSERT INTO `fitnessclub`.`schedules` (`id_schedule`, `start_date`, `start_time`, `duration`, `capacity`, `id_workout`, `id_hall`, `id_instructor`) VALUES (324, 44153, 1800, 55, 8, 1, 2, 20);
INSERT INTO `fitnessclub`.`schedules` (`id_schedule`, `start_date`, `start_time`, `duration`, `capacity`, `id_workout`, `id_hall`, `id_instructor`) VALUES (325, 44153, 1900, 55, 15, 1, 1, 20);
INSERT INTO `fitnessclub`.`schedules` (`id_schedule`, `start_date`, `start_time`, `duration`, `capacity`, `id_workout`, `id_hall`, `id_instructor`) VALUES (326, 44153, 1900, 55, 8, 6, 2, 2);
INSERT INTO `fitnessclub`.`schedules` (`id_schedule`, `start_date`, `start_time`, `duration`, `capacity`, `id_workout`, `id_hall`, `id_instructor`) VALUES (327, 44153, 2000, 55, 12, 4, 1, 2);
INSERT INTO `fitnessclub`.`schedules` (`id_schedule`, `start_date`, `start_time`, `duration`, `capacity`, `id_workout`, `id_hall`, `id_instructor`) VALUES (328, 44153, 2000, 55, 8, 7, 2, 20);
INSERT INTO `fitnessclub`.`schedules` (`id_schedule`, `start_date`, `start_time`, `duration`, `capacity`, `id_workout`, `id_hall`, `id_instructor`) VALUES (329, 44154, 900, 55, 15, 5, 1, 3);
INSERT INTO `fitnessclub`.`schedules` (`id_schedule`, `start_date`, `start_time`, `duration`, `capacity`, `id_workout`, `id_hall`, `id_instructor`) VALUES (330, 44154, 1000, 55, 15, 1, 1, 3);
INSERT INTO `fitnessclub`.`schedules` (`id_schedule`, `start_date`, `start_time`, `duration`, `capacity`, `id_workout`, `id_hall`, `id_instructor`) VALUES (331, 44154, 1100, 55, 15, 9, 1, 3);
INSERT INTO `fitnessclub`.`schedules` (`id_schedule`, `start_date`, `start_time`, `duration`, `capacity`, `id_workout`, `id_hall`, `id_instructor`) VALUES (332, 44154, 1800, 55, 15, 1, 1, 20);
INSERT INTO `fitnessclub`.`schedules` (`id_schedule`, `start_date`, `start_time`, `duration`, `capacity`, `id_workout`, `id_hall`, `id_instructor`) VALUES (333, 44154, 1800, 55, 8, 5, 2, 30);
INSERT INTO `fitnessclub`.`schedules` (`id_schedule`, `start_date`, `start_time`, `duration`, `capacity`, `id_workout`, `id_hall`, `id_instructor`) VALUES (334, 44154, 1900, 55, 15, 9, 1, 30);
INSERT INTO `fitnessclub`.`schedules` (`id_schedule`, `start_date`, `start_time`, `duration`, `capacity`, `id_workout`, `id_hall`, `id_instructor`) VALUES (335, 44154, 1900, 55, 8, 1, 2, 20);
INSERT INTO `fitnessclub`.`schedules` (`id_schedule`, `start_date`, `start_time`, `duration`, `capacity`, `id_workout`, `id_hall`, `id_instructor`) VALUES (336, 44154, 2000, 55, 15, 3, 1, 30);
INSERT INTO `fitnessclub`.`schedules` (`id_schedule`, `start_date`, `start_time`, `duration`, `capacity`, `id_workout`, `id_hall`, `id_instructor`) VALUES (337, 44154, 2000, 55, 8, 7, 2, 20);
INSERT INTO `fitnessclub`.`schedules` (`id_schedule`, `start_date`, `start_time`, `duration`, `capacity`, `id_workout`, `id_hall`, `id_instructor`) VALUES (338, 44155, 900, 55, 15, 7, 1, 30);
INSERT INTO `fitnessclub`.`schedules` (`id_schedule`, `start_date`, `start_time`, `duration`, `capacity`, `id_workout`, `id_hall`, `id_instructor`) VALUES (339, 44155, 1000, 55, 15, 2, 1, 30);
INSERT INTO `fitnessclub`.`schedules` (`id_schedule`, `start_date`, `start_time`, `duration`, `capacity`, `id_workout`, `id_hall`, `id_instructor`) VALUES (340, 44155, 1100, 55, 15, 3, 1, 30);
INSERT INTO `fitnessclub`.`schedules` (`id_schedule`, `start_date`, `start_time`, `duration`, `capacity`, `id_workout`, `id_hall`, `id_instructor`) VALUES (341, 44155, 1800, 55, 15, 3, 1, 2);
INSERT INTO `fitnessclub`.`schedules` (`id_schedule`, `start_date`, `start_time`, `duration`, `capacity`, `id_workout`, `id_hall`, `id_instructor`) VALUES (342, 44155, 1800, 55, 8, 1, 2, 20);
INSERT INTO `fitnessclub`.`schedules` (`id_schedule`, `start_date`, `start_time`, `duration`, `capacity`, `id_workout`, `id_hall`, `id_instructor`) VALUES (343, 44155, 1900, 55, 12, 4, 1, 2);
INSERT INTO `fitnessclub`.`schedules` (`id_schedule`, `start_date`, `start_time`, `duration`, `capacity`, `id_workout`, `id_hall`, `id_instructor`) VALUES (344, 44155, 1900, 55, 8, 5, 2, 3);
INSERT INTO `fitnessclub`.`schedules` (`id_schedule`, `start_date`, `start_time`, `duration`, `capacity`, `id_workout`, `id_hall`, `id_instructor`) VALUES (345, 44155, 2000, 55, 15, 5, 1, 2);
INSERT INTO `fitnessclub`.`schedules` (`id_schedule`, `start_date`, `start_time`, `duration`, `capacity`, `id_workout`, `id_hall`, `id_instructor`) VALUES (346, 44155, 2000, 55, 8, 1, 2, 3);
INSERT INTO `fitnessclub`.`schedules` (`id_schedule`, `start_date`, `start_time`, `duration`, `capacity`, `id_workout`, `id_hall`, `id_instructor`) VALUES (347, 44156, 900, 55, 15, 1, 1, 20);
INSERT INTO `fitnessclub`.`schedules` (`id_schedule`, `start_date`, `start_time`, `duration`, `capacity`, `id_workout`, `id_hall`, `id_instructor`) VALUES (348, 44156, 1000, 55, 15, 3, 1, 30);
INSERT INTO `fitnessclub`.`schedules` (`id_schedule`, `start_date`, `start_time`, `duration`, `capacity`, `id_workout`, `id_hall`, `id_instructor`) VALUES (349, 44156, 1100, 55, 15, 9, 1, 3);
INSERT INTO `fitnessclub`.`schedules` (`id_schedule`, `start_date`, `start_time`, `duration`, `capacity`, `id_workout`, `id_hall`, `id_instructor`) VALUES (350, 44156, 1200, 55, 15, 6, 1, 2);

COMMIT;


-- -----------------------------------------------------
-- Data for table `fitnessclub`.`instructor_conduct_workouts`
-- -----------------------------------------------------
START TRANSACTION;
USE `fitnessclub`;
INSERT INTO `fitnessclub`.`instructor_conduct_workouts` (`id_instructor`, `id_workout`) VALUES (2, 3);
INSERT INTO `fitnessclub`.`instructor_conduct_workouts` (`id_instructor`, `id_workout`) VALUES (2, 4);
INSERT INTO `fitnessclub`.`instructor_conduct_workouts` (`id_instructor`, `id_workout`) VALUES (2, 5);
INSERT INTO `fitnessclub`.`instructor_conduct_workouts` (`id_instructor`, `id_workout`) VALUES (2, 6);
INSERT INTO `fitnessclub`.`instructor_conduct_workouts` (`id_instructor`, `id_workout`) VALUES (2, 8);
INSERT INTO `fitnessclub`.`instructor_conduct_workouts` (`id_instructor`, `id_workout`) VALUES (3, 1);
INSERT INTO `fitnessclub`.`instructor_conduct_workouts` (`id_instructor`, `id_workout`) VALUES (3, 5);
INSERT INTO `fitnessclub`.`instructor_conduct_workouts` (`id_instructor`, `id_workout`) VALUES (3, 7);
INSERT INTO `fitnessclub`.`instructor_conduct_workouts` (`id_instructor`, `id_workout`) VALUES (3, 8);
INSERT INTO `fitnessclub`.`instructor_conduct_workouts` (`id_instructor`, `id_workout`) VALUES (3, 9);
INSERT INTO `fitnessclub`.`instructor_conduct_workouts` (`id_instructor`, `id_workout`) VALUES (20, 1);
INSERT INTO `fitnessclub`.`instructor_conduct_workouts` (`id_instructor`, `id_workout`) VALUES (20, 7);
INSERT INTO `fitnessclub`.`instructor_conduct_workouts` (`id_instructor`, `id_workout`) VALUES (30, 1);
INSERT INTO `fitnessclub`.`instructor_conduct_workouts` (`id_instructor`, `id_workout`) VALUES (30, 2);
INSERT INTO `fitnessclub`.`instructor_conduct_workouts` (`id_instructor`, `id_workout`) VALUES (30, 3);
INSERT INTO `fitnessclub`.`instructor_conduct_workouts` (`id_instructor`, `id_workout`) VALUES (30, 5);
INSERT INTO `fitnessclub`.`instructor_conduct_workouts` (`id_instructor`, `id_workout`) VALUES (30, 7);
INSERT INTO `fitnessclub`.`instructor_conduct_workouts` (`id_instructor`, `id_workout`) VALUES (30, 8);
INSERT INTO `fitnessclub`.`instructor_conduct_workouts` (`id_instructor`, `id_workout`) VALUES (30, 9);

COMMIT;


-- -----------------------------------------------------
-- Data for table `fitnessclub`.`client_schedules`
-- -----------------------------------------------------
START TRANSACTION;
USE `fitnessclub`;
INSERT INTO `fitnessclub`.`client_schedules` (`id_client`, `id_schedule`, `id_client_membership`) VALUES (4, 115, NULL);
INSERT INTO `fitnessclub`.`client_schedules` (`id_client`, `id_schedule`, `id_client_membership`) VALUES (5, 115, NULL);
INSERT INTO `fitnessclub`.`client_schedules` (`id_client`, `id_schedule`, `id_client_membership`) VALUES (6, 116, NULL);
INSERT INTO `fitnessclub`.`client_schedules` (`id_client`, `id_schedule`, `id_client_membership`) VALUES (7, 116, NULL);
INSERT INTO `fitnessclub`.`client_schedules` (`id_client`, `id_schedule`, `id_client_membership`) VALUES (8, 117, NULL);
INSERT INTO `fitnessclub`.`client_schedules` (`id_client`, `id_schedule`, `id_client_membership`) VALUES (9, 117, NULL);
INSERT INTO `fitnessclub`.`client_schedules` (`id_client`, `id_schedule`, `id_client_membership`) VALUES (10, 118, NULL);
INSERT INTO `fitnessclub`.`client_schedules` (`id_client`, `id_schedule`, `id_client_membership`) VALUES (12, 118, NULL);
INSERT INTO `fitnessclub`.`client_schedules` (`id_client`, `id_schedule`, `id_client_membership`) VALUES (13, 124, NULL);
INSERT INTO `fitnessclub`.`client_schedules` (`id_client`, `id_schedule`, `id_client_membership`) VALUES (14, 124, NULL);
INSERT INTO `fitnessclub`.`client_schedules` (`id_client`, `id_schedule`, `id_client_membership`) VALUES (15, 125, NULL);
INSERT INTO `fitnessclub`.`client_schedules` (`id_client`, `id_schedule`, `id_client_membership`) VALUES (16, 125, NULL);
INSERT INTO `fitnessclub`.`client_schedules` (`id_client`, `id_schedule`, `id_client_membership`) VALUES (4, 133, NULL);
INSERT INTO `fitnessclub`.`client_schedules` (`id_client`, `id_schedule`, `id_client_membership`) VALUES (5, 134, NULL);
INSERT INTO `fitnessclub`.`client_schedules` (`id_client`, `id_schedule`, `id_client_membership`) VALUES (6, 135, NULL);
INSERT INTO `fitnessclub`.`client_schedules` (`id_client`, `id_schedule`, `id_client_membership`) VALUES (7, 136, NULL);
INSERT INTO `fitnessclub`.`client_schedules` (`id_client`, `id_schedule`, `id_client_membership`) VALUES (8, 137, NULL);
INSERT INTO `fitnessclub`.`client_schedules` (`id_client`, `id_schedule`, `id_client_membership`) VALUES (9, 138, NULL);
INSERT INTO `fitnessclub`.`client_schedules` (`id_client`, `id_schedule`, `id_client_membership`) VALUES (10, 141, NULL);
INSERT INTO `fitnessclub`.`client_schedules` (`id_client`, `id_schedule`, `id_client_membership`) VALUES (9, 142, NULL);
INSERT INTO `fitnessclub`.`client_schedules` (`id_client`, `id_schedule`, `id_client_membership`) VALUES (12, 142, NULL);
INSERT INTO `fitnessclub`.`client_schedules` (`id_client`, `id_schedule`, `id_client_membership`) VALUES (5, 144, NULL);
INSERT INTO `fitnessclub`.`client_schedules` (`id_client`, `id_schedule`, `id_client_membership`) VALUES (13, 144, NULL);
INSERT INTO `fitnessclub`.`client_schedules` (`id_client`, `id_schedule`, `id_client_membership`) VALUES (15, 146, NULL);
INSERT INTO `fitnessclub`.`client_schedules` (`id_client`, `id_schedule`, `id_client_membership`) VALUES (4, 147, NULL);
INSERT INTO `fitnessclub`.`client_schedules` (`id_client`, `id_schedule`, `id_client_membership`) VALUES (16, 147, NULL);
INSERT INTO `fitnessclub`.`client_schedules` (`id_client`, `id_schedule`, `id_client_membership`) VALUES (13, 154, NULL);
INSERT INTO `fitnessclub`.`client_schedules` (`id_client`, `id_schedule`, `id_client_membership`) VALUES (16, 154, NULL);
INSERT INTO `fitnessclub`.`client_schedules` (`id_client`, `id_schedule`, `id_client_membership`) VALUES (17, 155, NULL);
INSERT INTO `fitnessclub`.`client_schedules` (`id_client`, `id_schedule`, `id_client_membership`) VALUES (9, 156, NULL);
INSERT INTO `fitnessclub`.`client_schedules` (`id_client`, `id_schedule`, `id_client_membership`) VALUES (5, 157, NULL);
INSERT INTO `fitnessclub`.`client_schedules` (`id_client`, `id_schedule`, `id_client_membership`) VALUES (7, 158, NULL);
INSERT INTO `fitnessclub`.`client_schedules` (`id_client`, `id_schedule`, `id_client_membership`) VALUES (10, 158, NULL);
INSERT INTO `fitnessclub`.`client_schedules` (`id_client`, `id_schedule`, `id_client_membership`) VALUES (15, 158, NULL);
INSERT INTO `fitnessclub`.`client_schedules` (`id_client`, `id_schedule`, `id_client_membership`) VALUES (4, 159, NULL);
INSERT INTO `fitnessclub`.`client_schedules` (`id_client`, `id_schedule`, `id_client_membership`) VALUES (8, 164, NULL);
INSERT INTO `fitnessclub`.`client_schedules` (`id_client`, `id_schedule`, `id_client_membership`) VALUES (10, 166, NULL);
INSERT INTO `fitnessclub`.`client_schedules` (`id_client`, `id_schedule`, `id_client_membership`) VALUES (13, 167, NULL);
INSERT INTO `fitnessclub`.`client_schedules` (`id_client`, `id_schedule`, `id_client_membership`) VALUES (5, 168, NULL);
INSERT INTO `fitnessclub`.`client_schedules` (`id_client`, `id_schedule`, `id_client_membership`) VALUES (12, 168, NULL);
INSERT INTO `fitnessclub`.`client_schedules` (`id_client`, `id_schedule`, `id_client_membership`) VALUES (16, 168, NULL);
INSERT INTO `fitnessclub`.`client_schedules` (`id_client`, `id_schedule`, `id_client_membership`) VALUES (17, 168, NULL);
INSERT INTO `fitnessclub`.`client_schedules` (`id_client`, `id_schedule`, `id_client_membership`) VALUES (18, 168, NULL);
INSERT INTO `fitnessclub`.`client_schedules` (`id_client`, `id_schedule`, `id_client_membership`) VALUES (5, 172, NULL);
INSERT INTO `fitnessclub`.`client_schedules` (`id_client`, `id_schedule`, `id_client_membership`) VALUES (13, 175, NULL);
INSERT INTO `fitnessclub`.`client_schedules` (`id_client`, `id_schedule`, `id_client_membership`) VALUES (9, 178, NULL);
INSERT INTO `fitnessclub`.`client_schedules` (`id_client`, `id_schedule`, `id_client_membership`) VALUES (19, 179, NULL);
INSERT INTO `fitnessclub`.`client_schedules` (`id_client`, `id_schedule`, `id_client_membership`) VALUES (14, 18, NULL);
INSERT INTO `fitnessclub`.`client_schedules` (`id_client`, `id_schedule`, `id_client_membership`) VALUES (21, 182, NULL);
INSERT INTO `fitnessclub`.`client_schedules` (`id_client`, `id_schedule`, `id_client_membership`) VALUES (5, 187, NULL);
INSERT INTO `fitnessclub`.`client_schedules` (`id_client`, `id_schedule`, `id_client_membership`) VALUES (13, 187, NULL);
INSERT INTO `fitnessclub`.`client_schedules` (`id_client`, `id_schedule`, `id_client_membership`) VALUES (12, 188, NULL);
INSERT INTO `fitnessclub`.`client_schedules` (`id_client`, `id_schedule`, `id_client_membership`) VALUES (18, 19, NULL);
INSERT INTO `fitnessclub`.`client_schedules` (`id_client`, `id_schedule`, `id_client_membership`) VALUES (19, 19, NULL);
INSERT INTO `fitnessclub`.`client_schedules` (`id_client`, `id_schedule`, `id_client_membership`) VALUES (21, 192, NULL);
INSERT INTO `fitnessclub`.`client_schedules` (`id_client`, `id_schedule`, `id_client_membership`) VALUES (13, 195, NULL);
INSERT INTO `fitnessclub`.`client_schedules` (`id_client`, `id_schedule`, `id_client_membership`) VALUES (22, 195, NULL);
INSERT INTO `fitnessclub`.`client_schedules` (`id_client`, `id_schedule`, `id_client_membership`) VALUES (6, 197, NULL);
INSERT INTO `fitnessclub`.`client_schedules` (`id_client`, `id_schedule`, `id_client_membership`) VALUES (7, 197, NULL);
INSERT INTO `fitnessclub`.`client_schedules` (`id_client`, `id_schedule`, `id_client_membership`) VALUES (15, 197, NULL);
INSERT INTO `fitnessclub`.`client_schedules` (`id_client`, `id_schedule`, `id_client_membership`) VALUES (17, 197, NULL);
INSERT INTO `fitnessclub`.`client_schedules` (`id_client`, `id_schedule`, `id_client_membership`) VALUES (5, 198, NULL);
INSERT INTO `fitnessclub`.`client_schedules` (`id_client`, `id_schedule`, `id_client_membership`) VALUES (9, 198, NULL);
INSERT INTO `fitnessclub`.`client_schedules` (`id_client`, `id_schedule`, `id_client_membership`) VALUES (10, 198, NULL);
INSERT INTO `fitnessclub`.`client_schedules` (`id_client`, `id_schedule`, `id_client_membership`) VALUES (16, 198, NULL);
INSERT INTO `fitnessclub`.`client_schedules` (`id_client`, `id_schedule`, `id_client_membership`) VALUES (9, 2, NULL);
INSERT INTO `fitnessclub`.`client_schedules` (`id_client`, `id_schedule`, `id_client_membership`) VALUES (23, 201, NULL);
INSERT INTO `fitnessclub`.`client_schedules` (`id_client`, `id_schedule`, `id_client_membership`) VALUES (19, 205, NULL);
INSERT INTO `fitnessclub`.`client_schedules` (`id_client`, `id_schedule`, `id_client_membership`) VALUES (4, 208, NULL);
INSERT INTO `fitnessclub`.`client_schedules` (`id_client`, `id_schedule`, `id_client_membership`) VALUES (24, 21, NULL);
INSERT INTO `fitnessclub`.`client_schedules` (`id_client`, `id_schedule`, `id_client_membership`) VALUES (7, 211, NULL);
INSERT INTO `fitnessclub`.`client_schedules` (`id_client`, `id_schedule`, `id_client_membership`) VALUES (9, 211, NULL);
INSERT INTO `fitnessclub`.`client_schedules` (`id_client`, `id_schedule`, `id_client_membership`) VALUES (18, 214, NULL);
INSERT INTO `fitnessclub`.`client_schedules` (`id_client`, `id_schedule`, `id_client_membership`) VALUES (25, 214, NULL);
INSERT INTO `fitnessclub`.`client_schedules` (`id_client`, `id_schedule`, `id_client_membership`) VALUES (5, 22, NULL);
INSERT INTO `fitnessclub`.`client_schedules` (`id_client`, `id_schedule`, `id_client_membership`) VALUES (10, 222, NULL);
INSERT INTO `fitnessclub`.`client_schedules` (`id_client`, `id_schedule`, `id_client_membership`) VALUES (4, 225, NULL);
INSERT INTO `fitnessclub`.`client_schedules` (`id_client`, `id_schedule`, `id_client_membership`) VALUES (23, 225, NULL);
INSERT INTO `fitnessclub`.`client_schedules` (`id_client`, `id_schedule`, `id_client_membership`) VALUES (19, 226, NULL);
INSERT INTO `fitnessclub`.`client_schedules` (`id_client`, `id_schedule`, `id_client_membership`) VALUES (22, 226, NULL);
INSERT INTO `fitnessclub`.`client_schedules` (`id_client`, `id_schedule`, `id_client_membership`) VALUES (4, 227, NULL);
INSERT INTO `fitnessclub`.`client_schedules` (`id_client`, `id_schedule`, `id_client_membership`) VALUES (18, 229, NULL);
INSERT INTO `fitnessclub`.`client_schedules` (`id_client`, `id_schedule`, `id_client_membership`) VALUES (26, 229, NULL);
INSERT INTO `fitnessclub`.`client_schedules` (`id_client`, `id_schedule`, `id_client_membership`) VALUES (27, 232, NULL);
INSERT INTO `fitnessclub`.`client_schedules` (`id_client`, `id_schedule`, `id_client_membership`) VALUES (10, 234, NULL);
INSERT INTO `fitnessclub`.`client_schedules` (`id_client`, `id_schedule`, `id_client_membership`) VALUES (25, 234, NULL);
INSERT INTO `fitnessclub`.`client_schedules` (`id_client`, `id_schedule`, `id_client_membership`) VALUES (8, 235, NULL);
INSERT INTO `fitnessclub`.`client_schedules` (`id_client`, `id_schedule`, `id_client_membership`) VALUES (24, 235, NULL);
INSERT INTO `fitnessclub`.`client_schedules` (`id_client`, `id_schedule`, `id_client_membership`) VALUES (12, 24, NULL);
INSERT INTO `fitnessclub`.`client_schedules` (`id_client`, `id_schedule`, `id_client_membership`) VALUES (13, 24, NULL);
INSERT INTO `fitnessclub`.`client_schedules` (`id_client`, `id_schedule`, `id_client_membership`) VALUES (15, 241, NULL);
INSERT INTO `fitnessclub`.`client_schedules` (`id_client`, `id_schedule`, `id_client_membership`) VALUES (7, 245, NULL);
INSERT INTO `fitnessclub`.`client_schedules` (`id_client`, `id_schedule`, `id_client_membership`) VALUES (8, 245, NULL);
INSERT INTO `fitnessclub`.`client_schedules` (`id_client`, `id_schedule`, `id_client_membership`) VALUES (17, 245, NULL);
INSERT INTO `fitnessclub`.`client_schedules` (`id_client`, `id_schedule`, `id_client_membership`) VALUES (18, 245, NULL);
INSERT INTO `fitnessclub`.`client_schedules` (`id_client`, `id_schedule`, `id_client_membership`) VALUES (26, 245, NULL);
INSERT INTO `fitnessclub`.`client_schedules` (`id_client`, `id_schedule`, `id_client_membership`) VALUES (28, 245, NULL);
INSERT INTO `fitnessclub`.`client_schedules` (`id_client`, `id_schedule`, `id_client_membership`) VALUES (19, 248, NULL);
INSERT INTO `fitnessclub`.`client_schedules` (`id_client`, `id_schedule`, `id_client_membership`) VALUES (5, 25, NULL);
INSERT INTO `fitnessclub`.`client_schedules` (`id_client`, `id_schedule`, `id_client_membership`) VALUES (14, 25, NULL);
INSERT INTO `fitnessclub`.`client_schedules` (`id_client`, `id_schedule`, `id_client_membership`) VALUES (29, 25, NULL);
INSERT INTO `fitnessclub`.`client_schedules` (`id_client`, `id_schedule`, `id_client_membership`) VALUES (5, 252, NULL);
INSERT INTO `fitnessclub`.`client_schedules` (`id_client`, `id_schedule`, `id_client_membership`) VALUES (16, 253, NULL);
INSERT INTO `fitnessclub`.`client_schedules` (`id_client`, `id_schedule`, `id_client_membership`) VALUES (22, 254, NULL);
INSERT INTO `fitnessclub`.`client_schedules` (`id_client`, `id_schedule`, `id_client_membership`) VALUES (7, 256, NULL);
INSERT INTO `fitnessclub`.`client_schedules` (`id_client`, `id_schedule`, `id_client_membership`) VALUES (12, 256, NULL);
INSERT INTO `fitnessclub`.`client_schedules` (`id_client`, `id_schedule`, `id_client_membership`) VALUES (13, 256, NULL);
INSERT INTO `fitnessclub`.`client_schedules` (`id_client`, `id_schedule`, `id_client_membership`) VALUES (15, 256, NULL);
INSERT INTO `fitnessclub`.`client_schedules` (`id_client`, `id_schedule`, `id_client_membership`) VALUES (21, 256, NULL);
INSERT INTO `fitnessclub`.`client_schedules` (`id_client`, `id_schedule`, `id_client_membership`) VALUES (30, 257, NULL);
INSERT INTO `fitnessclub`.`client_schedules` (`id_client`, `id_schedule`, `id_client_membership`) VALUES (25, 258, NULL);
INSERT INTO `fitnessclub`.`client_schedules` (`id_client`, `id_schedule`, `id_client_membership`) VALUES (27, 259, NULL);
INSERT INTO `fitnessclub`.`client_schedules` (`id_client`, `id_schedule`, `id_client_membership`) VALUES (28, 261, NULL);
INSERT INTO `fitnessclub`.`client_schedules` (`id_client`, `id_schedule`, `id_client_membership`) VALUES (17, 265, NULL);
INSERT INTO `fitnessclub`.`client_schedules` (`id_client`, `id_schedule`, `id_client_membership`) VALUES (31, 266, NULL);
INSERT INTO `fitnessclub`.`client_schedules` (`id_client`, `id_schedule`, `id_client_membership`) VALUES (8, 267, NULL);
INSERT INTO `fitnessclub`.`client_schedules` (`id_client`, `id_schedule`, `id_client_membership`) VALUES (23, 267, NULL);
INSERT INTO `fitnessclub`.`client_schedules` (`id_client`, `id_schedule`, `id_client_membership`) VALUES (24, 267, NULL);
INSERT INTO `fitnessclub`.`client_schedules` (`id_client`, `id_schedule`, `id_client_membership`) VALUES (10, 268, NULL);
INSERT INTO `fitnessclub`.`client_schedules` (`id_client`, `id_schedule`, `id_client_membership`) VALUES (22, 273, NULL);
INSERT INTO `fitnessclub`.`client_schedules` (`id_client`, `id_schedule`, `id_client_membership`) VALUES (8, 274, NULL);
INSERT INTO `fitnessclub`.`client_schedules` (`id_client`, `id_schedule`, `id_client_membership`) VALUES (13, 276, NULL);
INSERT INTO `fitnessclub`.`client_schedules` (`id_client`, `id_schedule`, `id_client_membership`) VALUES (7, 278, NULL);
INSERT INTO `fitnessclub`.`client_schedules` (`id_client`, `id_schedule`, `id_client_membership`) VALUES (27, 278, NULL);
INSERT INTO `fitnessclub`.`client_schedules` (`id_client`, `id_schedule`, `id_client_membership`) VALUES (30, 28, NULL);
INSERT INTO `fitnessclub`.`client_schedules` (`id_client`, `id_schedule`, `id_client_membership`) VALUES (17, 281, NULL);
INSERT INTO `fitnessclub`.`client_schedules` (`id_client`, `id_schedule`, `id_client_membership`) VALUES (29, 284, NULL);
INSERT INTO `fitnessclub`.`client_schedules` (`id_client`, `id_schedule`, `id_client_membership`) VALUES (5, 287, NULL);
INSERT INTO `fitnessclub`.`client_schedules` (`id_client`, `id_schedule`, `id_client_membership`) VALUES (23, 287, NULL);
INSERT INTO `fitnessclub`.`client_schedules` (`id_client`, `id_schedule`, `id_client_membership`) VALUES (8, 288, NULL);
INSERT INTO `fitnessclub`.`client_schedules` (`id_client`, `id_schedule`, `id_client_membership`) VALUES (12, 288, NULL);
INSERT INTO `fitnessclub`.`client_schedules` (`id_client`, `id_schedule`, `id_client_membership`) VALUES (24, 288, NULL);
INSERT INTO `fitnessclub`.`client_schedules` (`id_client`, `id_schedule`, `id_client_membership`) VALUES (13, 289, NULL);
INSERT INTO `fitnessclub`.`client_schedules` (`id_client`, `id_schedule`, `id_client_membership`) VALUES (18, 289, NULL);
INSERT INTO `fitnessclub`.`client_schedules` (`id_client`, `id_schedule`, `id_client_membership`) VALUES (21, 289, NULL);
INSERT INTO `fitnessclub`.`client_schedules` (`id_client`, `id_schedule`, `id_client_membership`) VALUES (16, 29, NULL);
INSERT INTO `fitnessclub`.`client_schedules` (`id_client`, `id_schedule`, `id_client_membership`) VALUES (19, 29, NULL);
INSERT INTO `fitnessclub`.`client_schedules` (`id_client`, `id_schedule`, `id_client_membership`) VALUES (26, 293, NULL);
INSERT INTO `fitnessclub`.`client_schedules` (`id_client`, `id_schedule`, `id_client_membership`) VALUES (28, 293, NULL);
INSERT INTO `fitnessclub`.`client_schedules` (`id_client`, `id_schedule`, `id_client_membership`) VALUES (21, 294, NULL);
INSERT INTO `fitnessclub`.`client_schedules` (`id_client`, `id_schedule`, `id_client_membership`) VALUES (25, 294, NULL);
INSERT INTO `fitnessclub`.`client_schedules` (`id_client`, `id_schedule`, `id_client_membership`) VALUES (30, 294, NULL);
INSERT INTO `fitnessclub`.`client_schedules` (`id_client`, `id_schedule`, `id_client_membership`) VALUES (22, 296, NULL);
INSERT INTO `fitnessclub`.`client_schedules` (`id_client`, `id_schedule`, `id_client_membership`) VALUES (23, 296, NULL);
INSERT INTO `fitnessclub`.`client_schedules` (`id_client`, `id_schedule`, `id_client_membership`) VALUES (15, 297, NULL);
INSERT INTO `fitnessclub`.`client_schedules` (`id_client`, `id_schedule`, `id_client_membership`) VALUES (6, 298, NULL);
INSERT INTO `fitnessclub`.`client_schedules` (`id_client`, `id_schedule`, `id_client_membership`) VALUES (13, 3, NULL);
INSERT INTO `fitnessclub`.`client_schedules` (`id_client`, `id_schedule`, `id_client_membership`) VALUES (14, 3, NULL);
INSERT INTO `fitnessclub`.`client_schedules` (`id_client`, `id_schedule`, `id_client_membership`) VALUES (16, 3, NULL);
INSERT INTO `fitnessclub`.`client_schedules` (`id_client`, `id_schedule`, `id_client_membership`) VALUES (18, 301, NULL);
INSERT INTO `fitnessclub`.`client_schedules` (`id_client`, `id_schedule`, `id_client_membership`) VALUES (23, 302, NULL);
INSERT INTO `fitnessclub`.`client_schedules` (`id_client`, `id_schedule`, `id_client_membership`) VALUES (27, 302, NULL);
INSERT INTO `fitnessclub`.`client_schedules` (`id_client`, `id_schedule`, `id_client_membership`) VALUES (31, 302, NULL);
INSERT INTO `fitnessclub`.`client_schedules` (`id_client`, `id_schedule`, `id_client_membership`) VALUES (19, 304, NULL);
INSERT INTO `fitnessclub`.`client_schedules` (`id_client`, `id_schedule`, `id_client_membership`) VALUES (24, 304, NULL);
INSERT INTO `fitnessclub`.`client_schedules` (`id_client`, `id_schedule`, `id_client_membership`) VALUES (29, 305, NULL);
INSERT INTO `fitnessclub`.`client_schedules` (`id_client`, `id_schedule`, `id_client_membership`) VALUES (30, 306, NULL);
INSERT INTO `fitnessclub`.`client_schedules` (`id_client`, `id_schedule`, `id_client_membership`) VALUES (32, 306, NULL);
INSERT INTO `fitnessclub`.`client_schedules` (`id_client`, `id_schedule`, `id_client_membership`) VALUES (4, 307, NULL);
INSERT INTO `fitnessclub`.`client_schedules` (`id_client`, `id_schedule`, `id_client_membership`) VALUES (25, 308, NULL);
INSERT INTO `fitnessclub`.`client_schedules` (`id_client`, `id_schedule`, `id_client_membership`) VALUES (28, 308, NULL);
INSERT INTO `fitnessclub`.`client_schedules` (`id_client`, `id_schedule`, `id_client_membership`) VALUES (18, 311, NULL);
INSERT INTO `fitnessclub`.`client_schedules` (`id_client`, `id_schedule`, `id_client_membership`) VALUES (15, 312, NULL);
INSERT INTO `fitnessclub`.`client_schedules` (`id_client`, `id_schedule`, `id_client_membership`) VALUES (29, 312, NULL);
INSERT INTO `fitnessclub`.`client_schedules` (`id_client`, `id_schedule`, `id_client_membership`) VALUES (12, 315, NULL);
INSERT INTO `fitnessclub`.`client_schedules` (`id_client`, `id_schedule`, `id_client_membership`) VALUES (26, 315, NULL);
INSERT INTO `fitnessclub`.`client_schedules` (`id_client`, `id_schedule`, `id_client_membership`) VALUES (33, 315, NULL);
INSERT INTO `fitnessclub`.`client_schedules` (`id_client`, `id_schedule`, `id_client_membership`) VALUES (21, 316, NULL);
INSERT INTO `fitnessclub`.`client_schedules` (`id_client`, `id_schedule`, `id_client_membership`) VALUES (24, 316, NULL);
INSERT INTO `fitnessclub`.`client_schedules` (`id_client`, `id_schedule`, `id_client_membership`) VALUES (34, 316, NULL);
INSERT INTO `fitnessclub`.`client_schedules` (`id_client`, `id_schedule`, `id_client_membership`) VALUES (34, 317, NULL);
INSERT INTO `fitnessclub`.`client_schedules` (`id_client`, `id_schedule`, `id_client_membership`) VALUES (35, 317, NULL);
INSERT INTO `fitnessclub`.`client_schedules` (`id_client`, `id_schedule`, `id_client_membership`) VALUES (17, 318, NULL);
INSERT INTO `fitnessclub`.`client_schedules` (`id_client`, `id_schedule`, `id_client_membership`) VALUES (34, 32, NULL);
INSERT INTO `fitnessclub`.`client_schedules` (`id_client`, `id_schedule`, `id_client_membership`) VALUES (36, 322, NULL);
INSERT INTO `fitnessclub`.`client_schedules` (`id_client`, `id_schedule`, `id_client_membership`) VALUES (1, 323, NULL);
INSERT INTO `fitnessclub`.`client_schedules` (`id_client`, `id_schedule`, `id_client_membership`) VALUES (22, 324, NULL);
INSERT INTO `fitnessclub`.`client_schedules` (`id_client`, `id_schedule`, `id_client_membership`) VALUES (28, 324, NULL);
INSERT INTO `fitnessclub`.`client_schedules` (`id_client`, `id_schedule`, `id_client_membership`) VALUES (30, 324, NULL);
INSERT INTO `fitnessclub`.`client_schedules` (`id_client`, `id_schedule`, `id_client_membership`) VALUES (32, 324, NULL);
INSERT INTO `fitnessclub`.`client_schedules` (`id_client`, `id_schedule`, `id_client_membership`) VALUES (2, 324, NULL);
INSERT INTO `fitnessclub`.`client_schedules` (`id_client`, `id_schedule`, `id_client_membership`) VALUES (3, 324, NULL);
INSERT INTO `fitnessclub`.`client_schedules` (`id_client`, `id_schedule`, `id_client_membership`) VALUES (19, 326, NULL);
INSERT INTO `fitnessclub`.`client_schedules` (`id_client`, `id_schedule`, `id_client_membership`) VALUES (26, 326, NULL);
INSERT INTO `fitnessclub`.`client_schedules` (`id_client`, `id_schedule`, `id_client_membership`) VALUES (34, 328, NULL);
INSERT INTO `fitnessclub`.`client_schedules` (`id_client`, `id_schedule`, `id_client_membership`) VALUES (17, 33, NULL);
INSERT INTO `fitnessclub`.`client_schedules` (`id_client`, `id_schedule`, `id_client_membership`) VALUES (4, 33, NULL);
INSERT INTO `fitnessclub`.`client_schedules` (`id_client`, `id_schedule`, `id_client_membership`) VALUES (5, 33, NULL);
INSERT INTO `fitnessclub`.`client_schedules` (`id_client`, `id_schedule`, `id_client_membership`) VALUES (6, 331, NULL);
INSERT INTO `fitnessclub`.`client_schedules` (`id_client`, `id_schedule`, `id_client_membership`) VALUES (7, 331, NULL);
INSERT INTO `fitnessclub`.`client_schedules` (`id_client`, `id_schedule`, `id_client_membership`) VALUES (29, 332, NULL);
INSERT INTO `fitnessclub`.`client_schedules` (`id_client`, `id_schedule`, `id_client_membership`) VALUES (34, 332, NULL);
INSERT INTO `fitnessclub`.`client_schedules` (`id_client`, `id_schedule`, `id_client_membership`) VALUES (8, 332, NULL);
INSERT INTO `fitnessclub`.`client_schedules` (`id_client`, `id_schedule`, `id_client_membership`) VALUES (9, 332, NULL);
INSERT INTO `fitnessclub`.`client_schedules` (`id_client`, `id_schedule`, `id_client_membership`) VALUES (36, 333, NULL);
INSERT INTO `fitnessclub`.`client_schedules` (`id_client`, `id_schedule`, `id_client_membership`) VALUES (10, 333, NULL);
INSERT INTO `fitnessclub`.`client_schedules` (`id_client`, `id_schedule`, `id_client_membership`) VALUES (11, 334, NULL);
INSERT INTO `fitnessclub`.`client_schedules` (`id_client`, `id_schedule`, `id_client_membership`) VALUES (12, 335, NULL);
INSERT INTO `fitnessclub`.`client_schedules` (`id_client`, `id_schedule`, `id_client_membership`) VALUES (30, 336, NULL);
INSERT INTO `fitnessclub`.`client_schedules` (`id_client`, `id_schedule`, `id_client_membership`) VALUES (13, 336, NULL);
INSERT INTO `fitnessclub`.`client_schedules` (`id_client`, `id_schedule`, `id_client_membership`) VALUES (14, 336, NULL);
INSERT INTO `fitnessclub`.`client_schedules` (`id_client`, `id_schedule`, `id_client_membership`) VALUES (21, 337, NULL);
INSERT INTO `fitnessclub`.`client_schedules` (`id_client`, `id_schedule`, `id_client_membership`) VALUES (15, 337, NULL);
INSERT INTO `fitnessclub`.`client_schedules` (`id_client`, `id_schedule`, `id_client_membership`) VALUES (16, 338, NULL);
INSERT INTO `fitnessclub`.`client_schedules` (`id_client`, `id_schedule`, `id_client_membership`) VALUES (31, 34, NULL);
INSERT INTO `fitnessclub`.`client_schedules` (`id_client`, `id_schedule`, `id_client_membership`) VALUES (23, 345, NULL);
INSERT INTO `fitnessclub`.`client_schedules` (`id_client`, `id_schedule`, `id_client_membership`) VALUES (26, 345, NULL);
INSERT INTO `fitnessclub`.`client_schedules` (`id_client`, `id_schedule`, `id_client_membership`) VALUES (34, 345, NULL);
INSERT INTO `fitnessclub`.`client_schedules` (`id_client`, `id_schedule`, `id_client_membership`) VALUES (34, 346, NULL);
INSERT INTO `fitnessclub`.`client_schedules` (`id_client`, `id_schedule`, `id_client_membership`) VALUES (17, 346, NULL);
INSERT INTO `fitnessclub`.`client_schedules` (`id_client`, `id_schedule`, `id_client_membership`) VALUES (1, 348, NULL);
INSERT INTO `fitnessclub`.`client_schedules` (`id_client`, `id_schedule`, `id_client_membership`) VALUES (2, 348, NULL);
INSERT INTO `fitnessclub`.`client_schedules` (`id_client`, `id_schedule`, `id_client_membership`) VALUES (22, 349, NULL);
INSERT INTO `fitnessclub`.`client_schedules` (`id_client`, `id_schedule`, `id_client_membership`) VALUES (30, 349, NULL);
INSERT INTO `fitnessclub`.`client_schedules` (`id_client`, `id_schedule`, `id_client_membership`) VALUES (36, 349, NULL);
INSERT INTO `fitnessclub`.`client_schedules` (`id_client`, `id_schedule`, `id_client_membership`) VALUES (3, 349, NULL);
INSERT INTO `fitnessclub`.`client_schedules` (`id_client`, `id_schedule`, `id_client_membership`) VALUES (4, 349, NULL);
INSERT INTO `fitnessclub`.`client_schedules` (`id_client`, `id_schedule`, `id_client_membership`) VALUES (29, 35, NULL);
INSERT INTO `fitnessclub`.`client_schedules` (`id_client`, `id_schedule`, `id_client_membership`) VALUES (5, 35, NULL);

COMMIT;

